{"stats":{"minecraft:dropped":{"minecraft:iron_ingot":2,"minecraft:stone_axe":1,"minecraft:wheat_seeds":1,"minecraft:cobbled_deepslate":1,"minecraft:tuff":8,"minecraft:cobblestone":17,"minecraft:wooden_axe":1,"minecraft:wooden_sword":1,"minecraft:wooden_pickaxe":3,"minecraft:stone_pickaxe":5},"minecraft:picked_up":{"minecraft:wooden_axe":1,"minecraft:birch_log":166,"minecraft:crafting_table":7,"minecraft:feather":2,"minecraft:chicken":3,"minecraft:andesite":14,"minecraft:leather":5,"minecraft:wooden_pickaxe":2,"minecraft:tuff":13,"minecraft:dirt":49,"minecraft:lapis_lazuli":29,"minecraft:bone":5,"minecraft:wheat_seeds":5,"minecraft:cobbled_deepslate":74,"minecraft:raw_gold":11,"minecraft:bell":1,"minecraft:iron_ingot":1,"minecraft:beef":9,"minecraft:stone_pickaxe":4,"minecraft:moss_block":7,"minecraft:sugar_cane":3,"minecraft:birch_sapling":6,"minecraft:furnace":4,"minecraft:stick":5,"minecraft:raw_iron":93,"minecraft:torch":7,"minecraft:porkchop":11,"minecraft:diorite":9,"minecraft:white_bed":1,"minecraft:dark_oak_log":33,"minecraft:stone_sword":1,"minecraft:arrow":6,"minecraft:rotten_flesh":8,"minecraft:diamond":43,"minecraft:stone_axe":1,"minecraft:granite":6,"minecraft:gray_wool":2,"minecraft:bread":57,"minecraft:black_wool":2,"minecraft:mutton":49,"minecraft:coal":276,"minecraft:white_wool":18,"minecraft:cobblestone":310},"minecraft:mined":{"minecraft:tuff":4,"minecraft:deepslate_diamond_ore":43,"minecraft:dark_oak_log":34,"minecraft:crafting_table":7,"minecraft:torch":5,"minecraft:glow_lichen":1,"minecraft:cave_vines_plant":2,"minecraft:granite":7,"minecraft:grass_block":14,"minecraft:tall_grass":2,"minecraft:cobblestone":8,"minecraft:lapis_ore":4,"minecraft:deepslate_gold_ore":11,"minecraft:sugar_cane":2,"minecraft:moss_block":8,"minecraft:diorite":9,"minecraft:wall_torch":2,"minecraft:furnace":4,"minecraft:birch_log":102,"minecraft:iron_ore":76,"minecraft:birch_leaves":5,"minecraft:andesite":14,"minecraft:black_wool":1,"minecraft:grass":35,"minecraft:coal_ore":94,"minecraft:dirt":16,"minecraft:stone":289,"minecraft:small_dripleaf":1,"minecraft:deepslate":159},"minecraft:killed_by":{"minecraft:skeleton":2},"minecraft:killed":{"minecraft:pig":4,"minecraft:spider":1,"minecraft:creeper":1,"minecraft:skeleton":4,"minecraft:sheep":17,"minecraft:zombie":8,"minecraft:chicken":3,"minecraft:cow":3},"minecraft:custom":{"minecraft:interact_with_furnace":49,"minecraft:mob_kills":42,"minecraft:interact_with_crafting_table":26,"minecraft:bell_ring":9,"minecraft:leave_game":17,"minecraft:time_since_death":54563,"minecraft:sleep_in_bed":1,"minecraft:climb_one_cm":868,"minecraft:time_since_rest":54587,"minecraft:sprint_one_cm":235095,"minecraft:damage_taken":2520,"minecraft:walk_one_cm":130285,"minecraft:damage_blocked_by_shield":2025,"minecraft:drop":34,"minecraft:damage_dealt":5648,"minecraft:swim_one_cm":12409,"minecraft:player_kills":1,"minecraft:fly_one_cm":169337,"minecraft:open_chest":5,"minecraft:crouch_one_cm":6927,"minecraft:play_time":96274,"minecraft:deaths":3,"minecraft:sneak_time":3482,"minecraft:walk_under_water_one_cm":2767,"minecraft:jump":1299,"minecraft:walk_on_water_one_cm":6474,"minecraft:total_world_time":96274,"minecraft:fall_one_cm":36409},"minecraft:used":{"minecraft:cooked_mutton":8,"minecraft:diorite":2,"minecraft:stone_sword":41,"minecraft:birch_planks":3,"minecraft:stone_pickaxe":263,"minecraft:chest":1,"minecraft:wooden_pickaxe":23,"minecraft:shield":48,"minecraft:bell":1,"minecraft:iron_chestplate":1,"minecraft:torch":42,"minecraft:dirt":26,"minecraft:crafting_table":9,"minecraft:white_bed":2,"minecraft:wooden_axe":2,"minecraft:diamond_pickaxe":2,"minecraft:black_wool":1,"minecraft:chicken":1,"minecraft:bread":19,"minecraft:iron_axe":42,"minecraft:iron_pickaxe":457,"minecraft:wooden_sword":11,"minecraft:stone_axe":172,"minecraft:cobblestone":114,"minecraft:furnace":4,"minecraft:cobbled_deepslate":1},"minecraft:broken":{"minecraft:iron_pickaxe":1},"minecraft:crafted":{"minecraft:wooden_sword":1,"minecraft:crafting_table":4,"minecraft:wooden_pickaxe":1,"minecraft:iron_helmet":1,"minecraft:furnace":1,"minecraft:bone_meal":15,"minecraft:birch_planks":48,"minecraft:stone_axe":2,"minecraft:cooked_mutton":8,"minecraft:air":0,"minecraft:diamond_helmet":1,"minecraft:diamond_leggings":1,"minecraft:iron_boots":1,"minecraft:iron_chestplate":2,"minecraft:diamond_pickaxe":1,"minecraft:shield":2,"minecraft:iron_axe":1,"minecraft:stick":44,"minecraft:iron_ingot":59,"minecraft:iron_pickaxe":3,"minecraft:stone_pickaxe":2,"minecraft:diamond_boots":1,"minecraft:chest":1,"minecraft:stone_sword":1,"minecraft:iron_leggings":1,"minecraft:white_bed":1,"minecraft:torch":104,"minecraft:dark_oak_planks":132,"minecraft:diamond_chestplate":1}},"DataVersion":3465}