{"stats":{"minecraft:dropped":{"minecraft:wheat_seeds":1,"minecraft:wooden_axe":1,"minecraft:cobblestone":17,"minecraft:wooden_sword":1,"minecraft:wooden_pickaxe":1},"minecraft:picked_up":{"minecraft:wooden_axe":1,"minecraft:birch_log":68,"minecraft:raw_iron":8,"minecraft:stick":2,"minecraft:crafting_table":2,"minecraft:chicken":1,"minecraft:leather":2,"minecraft:torch":3,"minecraft:wooden_pickaxe":1,"minecraft:porkchop":5,"minecraft:white_bed":1,"minecraft:dirt":21,"minecraft:rotten_flesh":2,"minecraft:wheat_seeds":2,"minecraft:beef":4,"minecraft:gray_wool":1,"minecraft:black_wool":1,"minecraft:sugar_cane":3,"minecraft:birch_sapling":1,"minecraft:mutton":9,"minecraft:coal":46,"minecraft:white_wool":4,"minecraft:cobblestone":75},"minecraft:mined":{"minecraft:iron_ore":8,"minecraft:birch_log":66,"minecraft:birch_leaves":4,"minecraft:torch":2,"minecraft:crafting_table":2,"minecraft:black_wool":1,"minecraft:grass":14,"minecraft:grass_block":10,"minecraft:coal_ore":46,"minecraft:dirt":11,"minecraft:cobblestone":3,"minecraft:stone":67,"minecraft:sugar_cane":2,"minecraft:wall_torch":1},"minecraft:killed":{"minecraft:sheep":5,"minecraft:pig":3,"minecraft:zombie":1,"minecraft:chicken":1,"minecraft:cow":2},"minecraft:custom":{"minecraft:time_since_rest":2395,"minecraft:sprint_one_cm":90906,"minecraft:damage_taken":435,"minecraft:walk_one_cm":41969,"minecraft:mob_kills":13,"minecraft:drop":21,"minecraft:damage_dealt":1291,"minecraft:swim_one_cm":12409,"minecraft:interact_with_crafting_table":3,"minecraft:fly_one_cm":71080,"minecraft:crouch_one_cm":1148,"minecraft:play_time":28820,"minecraft:sneak_time":514,"minecraft:walk_under_water_one_cm":2767,"minecraft:jump":522,"minecraft:leave_game":9,"minecraft:walk_on_water_one_cm":3166,"minecraft:time_since_death":28820,"minecraft:sleep_in_bed":1,"minecraft:total_world_time":28820,"minecraft:fall_one_cm":12249},"minecraft:used":{"minecraft:wooden_axe":2,"minecraft:stone_sword":21,"minecraft:birch_planks":3,"minecraft:bread":11,"minecraft:chicken":1,"minecraft:stone_pickaxe":124,"minecraft:wooden_pickaxe":9,"minecraft:torch":22,"minecraft:stone_axe":67,"minecraft:wooden_sword":11,"minecraft:dirt":5,"minecraft:cobblestone":36,"minecraft:crafting_table":3,"minecraft:white_bed":1},"minecraft:crafted":{"minecraft:wooden_sword":1,"minecraft:crafting_table":1,"minecraft:stick":16,"minecraft:stone_pickaxe":1,"minecraft:stone_sword":1,"minecraft:white_bed":1,"minecraft:torch":48,"minecraft:birch_planks":20,"minecraft:stone_axe":1}},"DataVersion":3465}