{"stats":{"minecraft:dropped":{"minecraft:iron_ingot":2,"minecraft:birch_planks":1,"minecraft:wheat_seeds":6,"minecraft:cooked_porkchop":1,"minecraft:cobblestone":18,"minecraft:gray_wool":1,"minecraft:wooden_axe":1,"minecraft:wooden_sword":1,"minecraft:iron_axe":2,"minecraft:iron_pickaxe":1,"minecraft:white_wool":5,"minecraft:dandelion":2,"minecraft:bone":2,"minecraft:stone_axe":1,"minecraft:cooked_chicken":1,"minecraft:cobbled_deepslate":1,"minecraft:tuff":8,"minecraft:birch_sapling":4,"minecraft:obsidian":1,"minecraft:rotten_flesh":41,"minecraft:shears":2,"minecraft:poppy":1,"minecraft:oak_sapling":1,"minecraft:chest":1,"minecraft:wooden_pickaxe":3,"minecraft:stone_pickaxe":5,"minecraft:netherrack":259},"minecraft:picked_up":{"minecraft:wooden_axe":1,"minecraft:crafting_table":12,"minecraft:chicken":5,"minecraft:wooden_pickaxe":2,"minecraft:gold_block":1,"minecraft:shield":1,"minecraft:iron_axe":2,"minecraft:diamond_leggings":1,"minecraft:cobbled_deepslate":272,"minecraft:beef":29,"minecraft:poppy":1,"minecraft:iron_pickaxe":1,"minecraft:sugar_cane":14,"minecraft:chest":4,"minecraft:birch_sapling":10,"minecraft:furnace":7,"minecraft:egg":2,"minecraft:stick":9,"minecraft:raw_iron":118,"minecraft:torch":18,"minecraft:porkchop":50,"minecraft:diorite":13,"minecraft:dark_oak_planks":115,"minecraft:stone_sword":1,"minecraft:arrow":15,"minecraft:rotten_flesh":11,"minecraft:diamond_chestplate":1,"minecraft:diamond_boots":1,"minecraft:obsidian":16,"minecraft:mutton":50,"minecraft:white_wool":23,"minecraft:cobblestone":537,"minecraft:birch_log":198,"minecraft:magma_block":19,"minecraft:feather":4,"minecraft:andesite":21,"minecraft:leather":17,"minecraft:birch_planks":1,"minecraft:flint":1,"minecraft:tuff":38,"minecraft:oak_log":27,"minecraft:ancient_debris":32,"minecraft:lapis_lazuli":62,"minecraft:dirt":52,"minecraft:bone":7,"minecraft:wheat_seeds":10,"minecraft:raw_gold":26,"minecraft:bell":1,"minecraft:stone_pickaxe":4,"minecraft:iron_ingot":11,"minecraft:diamond_helmet":1,"minecraft:moss_block":7,"minecraft:oak_planks":3,"minecraft:cooked_porkchop":1,"minecraft:dandelion":2,"minecraft:gravel":4,"minecraft:white_bed":1,"minecraft:dark_oak_log":33,"minecraft:diamond":65,"minecraft:stone_axe":1,"minecraft:granite":13,"minecraft:bone_meal":15,"minecraft:gray_wool":74,"minecraft:bread":57,"minecraft:oak_sapling":1,"minecraft:netherrack":472,"minecraft:black_wool":2,"minecraft:coal":436,"minecraft:diamond_pickaxe":1},"minecraft:mined":{"minecraft:dark_oak_planks":6,"minecraft:nether_gold_ore":3,"minecraft:tuff":4,"minecraft:deepslate_diamond_ore":49,"minecraft:dark_oak_log":34,"minecraft:obsidian":15,"minecraft:glow_lichen":1,"minecraft:cave_vines_plant":2,"minecraft:granite":14,"minecraft:grass_block":15,"minecraft:blue_wool":4,"minecraft:moss_block":8,"minecraft:kelp":1,"minecraft:magma_block":23,"minecraft:furnace":7,"minecraft:iron_ore":86,"minecraft:fire":11,"minecraft:andesite":21,"minecraft:gold_block":1,"minecraft:stone":333,"minecraft:blackstone":25,"minecraft:kelp_plant":1,"minecraft:crimson_nylium":1,"minecraft:basalt":4,"minecraft:dandelion":3,"minecraft:crafting_table":12,"minecraft:torch":5,"minecraft:calcite":6,"minecraft:poppy":1,"minecraft:chest":1,"minecraft:nether_quartz_ore":15,"minecraft:tall_grass":8,"minecraft:cobblestone":12,"minecraft:lapis_ore":5,"minecraft:deepslate_gold_ore":13,"minecraft:sugar_cane":7,"minecraft:oak_planks":3,"minecraft:sculk":11,"minecraft:diorite":13,"minecraft:wall_torch":3,"minecraft:amethyst_block":10,"minecraft:gray_wool":73,"minecraft:birch_log":102,"minecraft:birch_leaves":8,"minecraft:grass":69,"minecraft:black_wool":1,"minecraft:oak_log":27,"minecraft:coal_ore":114,"minecraft:gravel":5,"minecraft:sand":1,"minecraft:dirt":18,"minecraft:smooth_basalt":2,"minecraft:netherrack":1110,"minecraft:small_dripleaf":1,"minecraft:ancient_debris":32,"minecraft:oak_leaves":4,"minecraft:deepslate":191},"minecraft:killed_by":{"minecraft:warden":1,"minecraft:skeleton":2},"minecraft:killed":{"minecraft:spider":1,"minecraft:skeleton":6,"minecraft:chicken":5,"minecraft:pig":25,"minecraft:creeper":1,"minecraft:sheep":17,"minecraft:zombie":12,"minecraft:cow":12},"minecraft:custom":{"minecraft:mob_kills":81,"minecraft:interact_with_crafting_table":33,"minecraft:bell_ring":9,"minecraft:leave_game":22,"minecraft:time_since_death":96934,"minecraft:climb_one_cm":868,"minecraft:sprint_one_cm":533540,"minecraft:walk_one_cm":254590,"minecraft:damage_blocked_by_shield":2430,"minecraft:drop":66,"minecraft:play_time":197968,"minecraft:deaths":4,"minecraft:sneak_time":22559,"minecraft:walk_under_water_one_cm":9651,"minecraft:boat_one_cm":85446,"minecraft:jump":2976,"minecraft:walk_on_water_one_cm":10421,"minecraft:total_world_time":197968,"minecraft:interact_with_furnace":69,"minecraft:sleep_in_bed":1,"minecraft:time_since_rest":97002,"minecraft:damage_taken":3736,"minecraft:damage_dealt":10132,"minecraft:player_kills":1,"minecraft:swim_one_cm":27618,"minecraft:fly_one_cm":449141,"minecraft:open_chest":19,"minecraft:crouch_one_cm":60073,"minecraft:fall_one_cm":70282},"minecraft:used":{"minecraft:stone_sword":41,"minecraft:flint_and_steel":1,"minecraft:chest":3,"minecraft:shield":62,"minecraft:sculk":6,"minecraft:bell":1,"minecraft:rotten_flesh":2,"minecraft:netherrack":20,"minecraft:iron_chestplate":1,"minecraft:torch":42,"minecraft:dirt":29,"minecraft:tuff":15,"minecraft:granite":7,"minecraft:obsidian":4,"minecraft:dark_oak_planks":47,"minecraft:wooden_axe":2,"minecraft:iron_axe":139,"minecraft:furnace":8,"minecraft:egg":2,"minecraft:cooked_beef":1,"minecraft:cobbled_deepslate":143,"minecraft:cooked_mutton":8,"minecraft:water_bucket":2,"minecraft:diorite":6,"minecraft:birch_planks":3,"minecraft:oak_planks":3,"minecraft:stone_pickaxe":263,"minecraft:wooden_pickaxe":23,"minecraft:diamond_axe":37,"minecraft:crafting_table":15,"minecraft:white_bed":2,"minecraft:shears":77,"minecraft:diamond_pickaxe":1407,"minecraft:black_wool":1,"minecraft:chicken":3,"minecraft:bread":19,"minecraft:iron_pickaxe":457,"minecraft:gravel":4,"minecraft:stone_axe":172,"minecraft:wooden_sword":11,"minecraft:cobblestone":310,"minecraft:cooked_porkchop":14,"minecraft:andesite":7,"minecraft:bucket":3,"minecraft:gray_wool":71},"minecraft:broken":{"minecraft:iron_pickaxe":1},"minecraft:crafted":{"minecraft:wooden_sword":1,"minecraft:cooked_chicken":2,"minecraft:furnace":2,"minecraft:bone_meal":15,"minecraft:cooked_mutton":9,"minecraft:flint_and_steel":1,"minecraft:diamond_helmet":1,"minecraft:diamond_leggings":1,"minecraft:iron_boots":1,"minecraft:iron_axe":1,"minecraft:stone_pickaxe":2,"minecraft:chest":1,"minecraft:diamond_boots":1,"minecraft:dark_oak_planks":132,"minecraft:cooked_beef":1,"minecraft:diamond_sword":1,"minecraft:cooked_porkchop":39,"minecraft:diamond_axe":1,"minecraft:crafting_table":6,"minecraft:wooden_pickaxe":1,"minecraft:iron_helmet":1,"minecraft:bucket":1,"minecraft:birch_planks":48,"minecraft:stone_axe":2,"minecraft:air":0,"minecraft:iron_chestplate":2,"minecraft:diamond_pickaxe":1,"minecraft:shield":2,"minecraft:stick":44,"minecraft:iron_ingot":59,"minecraft:iron_pickaxe":3,"minecraft:stone_sword":1,"minecraft:iron_leggings":1,"minecraft:white_bed":1,"minecraft:torch":104,"minecraft:shears":2,"minecraft:diamond_chestplate":1}},"DataVersion":3465}