{"stats":{"minecraft:crafted":{"minecraft:cooked_beef":5,"minecraft:wooden_sword":1,"minecraft:oak_door":3,"minecraft:oak_planks":76,"minecraft:crafting_table":6,"minecraft:wooden_pickaxe":4,"minecraft:furnace":4,"minecraft:birch_planks":80,"minecraft:stone_axe":4,"minecraft:air":0,"minecraft:iron_chestplate":1,"minecraft:shield":2,"minecraft:stick":36,"minecraft:iron_ingot":25,"minecraft:iron_pickaxe":2,"minecraft:stone_pickaxe":4,"minecraft:stone_sword":1},"minecraft:killed":{"minecraft:pig":14,"minecraft:spider":1,"minecraft:creeper":1,"minecraft:sheep":12,"minecraft:zombie":3,"minecraft:cow":7},"minecraft:killed_by":{"minecraft:skeleton":2,"minecraft:creeper":1,"minecraft:spider":1},"minecraft:mined":{"minecraft:deepslate_diamond_ore":1,"minecraft:oak_door":1,"minecraft:crafting_table":8,"minecraft:granite":24,"minecraft:grass_block":10,"minecraft:tall_grass":32,"minecraft:cobblestone":2,"minecraft:diorite":10,"minecraft:furnace":3,"minecraft:birch_log":20,"minecraft:iron_ore":66,"minecraft:sweet_berry_bush":15,"minecraft:birch_leaves":3,"minecraft:andesite":33,"minecraft:deepslate_lapis_ore":3,"minecraft:grass":56,"minecraft:oak_log":60,"minecraft:coal_ore":96,"minecraft:deepslate_iron_ore":14,"minecraft:gravel":11,"minecraft:sunflower":1,"minecraft:dirt":13,"minecraft:stone":210,"minecraft:gold_ore":6,"minecraft:oak_leaves":18,"minecraft:deepslate":20,"minecraft:fern":2},"minecraft:dropped":{"minecraft:porkchop":15,"minecraft:crafting_table":2,"minecraft:diorite":2,"minecraft:spider_eye":2,"minecraft:wooden_pickaxe":3,"minecraft:stone_pickaxe":2},"minecraft:picked_up":{"minecraft:birch_log":20,"minecraft:crafting_table":9,"minecraft:andesite":33,"minecraft:leather":8,"minecraft:wooden_pickaxe":1,"minecraft:flint":1,"minecraft:oak_log":59,"minecraft:lapis_lazuli":19,"minecraft:dirt":23,"minecraft:string":1,"minecraft:wheat_seeds":8,"minecraft:cobbled_deepslate":32,"minecraft:raw_gold":6,"minecraft:stone_pickaxe":1,"minecraft:beef":11,"minecraft:light_gray_wool":1,"minecraft:egg":2,"minecraft:furnace":3,"minecraft:stick":4,"minecraft:raw_iron":78,"minecraft:oak_door":1,"minecraft:sweet_berries":34,"minecraft:gravel":9,"minecraft:porkchop":47,"minecraft:diorite":10,"minecraft:carrot":1,"minecraft:spider_eye":2,"minecraft:rotten_flesh":2,"minecraft:diamond":1,"minecraft:granite":24,"minecraft:oak_sapling":2,"minecraft:black_wool":1,"minecraft:mutton":15,"minecraft:coal":151,"minecraft:white_wool":10,"minecraft:cobblestone":212},"minecraft:custom":{"minecraft:interact_with_furnace":19,"minecraft:mob_kills":39,"minecraft:interact_with_crafting_table":32,"minecraft:leave_game":3,"minecraft:time_since_death":10945,"minecraft:time_since_rest":10976,"minecraft:sprint_one_cm":187329,"minecraft:damage_taken":2010,"minecraft:walk_one_cm":79213,"minecraft:damage_blocked_by_shield":120,"minecraft:drop":11,"minecraft:damage_dealt":4020,"minecraft:swim_one_cm":30140,"minecraft:fly_one_cm":166547,"minecraft:crouch_one_cm":2820,"minecraft:play_time":57060,"minecraft:deaths":4,"minecraft:sneak_time":1706,"minecraft:walk_under_water_one_cm":4770,"minecraft:jump":908,"minecraft:walk_on_water_one_cm":4322,"minecraft:total_world_time":57060,"minecraft:fall_one_cm":31278},"minecraft:used":{"minecraft:stone_sword":130,"minecraft:stone_pickaxe":241,"minecraft:oak_planks":2,"minecraft:wooden_pickaxe":78,"minecraft:shield":3,"minecraft:iron_chestplate":1,"minecraft:oak_door":2,"minecraft:dirt":21,"minecraft:crafting_table":9,"minecraft:granite":4,"minecraft:bread":20,"minecraft:iron_pickaxe":189,"minecraft:stone_axe":78,"minecraft:wooden_sword":12,"minecraft:cobblestone":29,"minecraft:furnace":3,"minecraft:egg":2,"minecraft:cooked_beef":2}},"DataVersion":3465}