{"stats":{"minecraft:crafted":{"minecraft:cooked_beef":5,"minecraft:wooden_sword":1,"minecraft:oak_door":3,"minecraft:oak_planks":76,"minecraft:raw_iron":18,"minecraft:crafting_table":6,"minecraft:wooden_pickaxe":4,"minecraft:furnace":4,"minecraft:birch_planks":80,"minecraft:stone_axe":4,"minecraft:air":0,"minecraft:diamond_helmet":1,"minecraft:diamond_leggings":1,"minecraft:diamond_pickaxe":1,"minecraft:iron_chestplate":1,"minecraft:shield":2,"minecraft:stick":40,"minecraft:iron_ingot":25,"minecraft:iron_pickaxe":2,"minecraft:stone_pickaxe":4,"minecraft:stone_sword":1,"minecraft:diamond_boots":1,"minecraft:diamond_chestplate":1},"minecraft:killed":{"minecraft:pig":14,"minecraft:spider":2,"minecraft:creeper":1,"minecraft:sheep":12,"minecraft:zombie":5,"minecraft:cow":7},"minecraft:killed_by":{"minecraft:cave_spider":1,"minecraft:skeleton":2,"minecraft:creeper":1,"minecraft:spider":1},"minecraft:dropped":{"minecraft:porkchop":15,"minecraft:crafting_table":2,"minecraft:diorite":2,"minecraft:spider_eye":2,"minecraft:wooden_pickaxe":3,"minecraft:stone_pickaxe":2},"minecraft:mined":{"minecraft:tuff":22,"minecraft:deepslate_diamond_ore":71,"minecraft:oak_door":1,"minecraft:crafting_table":9,"minecraft:granite":24,"minecraft:grass_block":10,"minecraft:tall_grass":32,"minecraft:cobblestone":3,"minecraft:deepslate_gold_ore":4,"minecraft:diorite":10,"minecraft:raw_iron_block":2,"minecraft:furnace":3,"minecraft:birch_log":20,"minecraft:iron_ore":66,"minecraft:sweet_berry_bush":15,"minecraft:andesite":37,"minecraft:birch_leaves":3,"minecraft:deepslate_lapis_ore":7,"minecraft:grass":56,"minecraft:oak_log":60,"minecraft:coal_ore":96,"minecraft:deepslate_iron_ore":21,"minecraft:rail":1,"minecraft:sunflower":1,"minecraft:gravel":14,"minecraft:dirt":13,"minecraft:stone":223,"minecraft:gold_ore":6,"minecraft:oak_leaves":18,"minecraft:deepslate":180,"minecraft:fern":2},"minecraft:broken":{"minecraft:iron_pickaxe":1},"minecraft:picked_up":{"minecraft:birch_log":20,"minecraft:crafting_table":10,"minecraft:andesite":37,"minecraft:leather":8,"minecraft:wooden_pickaxe":1,"minecraft:flint":1,"minecraft:tuff":22,"minecraft:oak_log":59,"minecraft:lapis_lazuli":44,"minecraft:dirt":23,"minecraft:string":3,"minecraft:wheat_seeds":8,"minecraft:cobbled_deepslate":191,"minecraft:raw_gold":10,"minecraft:stone_pickaxe":1,"minecraft:beef":11,"minecraft:light_gray_wool":1,"minecraft:egg":2,"minecraft:furnace":3,"minecraft:stick":4,"minecraft:raw_iron":85,"minecraft:oak_door":1,"minecraft:sweet_berries":34,"minecraft:raw_iron_block":2,"minecraft:gravel":12,"minecraft:porkchop":47,"minecraft:diorite":10,"minecraft:carrot":1,"minecraft:spider_eye":2,"minecraft:rotten_flesh":4,"minecraft:diamond":71,"minecraft:granite":24,"minecraft:oak_sapling":2,"minecraft:black_wool":1,"minecraft:mutton":15,"minecraft:coal":151,"minecraft:white_wool":10,"minecraft:cobblestone":226},"minecraft:custom":{"minecraft:interact_with_furnace":19,"minecraft:mob_kills":42,"minecraft:interact_with_crafting_table":35,"minecraft:leave_game":6,"minecraft:time_since_death":187,"minecraft:time_since_rest":233,"minecraft:sprint_one_cm":207743,"minecraft:damage_taken":2427,"minecraft:walk_one_cm":100511,"minecraft:damage_blocked_by_shield":795,"minecraft:drop":11,"minecraft:damage_dealt":4419,"minecraft:swim_one_cm":30140,"minecraft:fly_one_cm":183205,"minecraft:crouch_one_cm":4101,"minecraft:play_time":70937,"minecraft:deaths":5,"minecraft:sneak_time":2801,"minecraft:walk_under_water_one_cm":4770,"minecraft:jump":1092,"minecraft:walk_on_water_one_cm":7072,"minecraft:total_world_time":70937,"minecraft:fall_one_cm":33822},"minecraft:used":{"minecraft:diorite":5,"minecraft:stone_sword":130,"minecraft:stone_pickaxe":241,"minecraft:oak_planks":2,"minecraft:wooden_pickaxe":78,"minecraft:shield":43,"minecraft:iron_chestplate":1,"minecraft:oak_door":2,"minecraft:dirt":21,"minecraft:crafting_table":11,"minecraft:granite":22,"minecraft:diamond_pickaxe":131,"minecraft:bread":24,"minecraft:iron_pickaxe":349,"minecraft:gravel":11,"minecraft:stone_axe":86,"minecraft:wooden_sword":12,"minecraft:cobblestone":43,"minecraft:furnace":3,"minecraft:andesite":13,"minecraft:egg":2,"minecraft:cooked_beef":2}},"DataVersion":3465}