{"stats":{"minecraft:broken":{"minecraft:stone_axe":2},"minecraft:picked_up":{"minecraft:crafting_table":7,"minecraft:feather":19,"minecraft:chicken":20,"minecraft:andesite":4,"minecraft:glow_ink_sac":19,"minecraft:salmon":24,"minecraft:brown_wool":1,"minecraft:leather":15,"minecraft:dark_oak_boat":1,"minecraft:enchanted_book":1,"minecraft:oak_log":2,"minecraft:gunpowder":21,"minecraft:lapis_lazuli":33,"minecraft:string":7,"minecraft:dirt":21,"minecraft:name_tag":5,"minecraft:bone":32,"minecraft:activator_rail":2,"minecraft:wheat_seeds":12,"minecraft:cobbled_deepslate":38,"minecraft:detector_rail":4,"minecraft:raw_gold":21,"minecraft:iron_ingot":6,"minecraft:beef":25,"minecraft:spruce_slab":1,"minecraft:light_gray_wool":2,"minecraft:powered_rail":1,"minecraft:sugar_cane":30,"minecraft:furnace":1,"minecraft:raw_iron":29,"minecraft:sandstone":1,"minecraft:torch":77,"minecraft:porkchop":30,"minecraft:sand":5,"minecraft:ink_sac":6,"minecraft:diorite":5,"minecraft:dark_oak_log":78,"minecraft:arrow":30,"minecraft:rotten_flesh":52,"minecraft:diamond":3,"minecraft:gray_wool":2,"minecraft:gold_ingot":3,"minecraft:bread":5,"minecraft:oak_sapling":2,"minecraft:black_wool":2,"minecraft:glow_berries":10,"minecraft:mutton":14,"minecraft:coal":82,"minecraft:cod":4,"minecraft:rail":39,"minecraft:white_wool":22,"minecraft:cobblestone":45},"minecraft:custom":{"minecraft:interact_with_furnace":6,"minecraft:mob_kills":34,"minecraft:interact_with_crafting_table":15,"minecraft:leave_game":9,"minecraft:time_since_death":686,"minecraft:time_since_rest":713,"minecraft:sprint_one_cm":191275,"minecraft:damage_taken":2510,"minecraft:walk_one_cm":95383,"minecraft:damage_blocked_by_shield":1650,"minecraft:drop":22,"minecraft:damage_dealt":5850,"minecraft:swim_one_cm":30909,"minecraft:player_kills":2,"minecraft:fly_one_cm":223520,"minecraft:open_chest":1,"minecraft:crouch_one_cm":4939,"minecraft:play_time":52072,"minecraft:deaths":6,"minecraft:sneak_time":2865,"minecraft:walk_under_water_one_cm":3098,"minecraft:boat_one_cm":17409,"minecraft:jump":1297,"minecraft:walk_on_water_one_cm":14501,"minecraft:fall_one_cm":31025,"minecraft:total_world_time":52072},"minecraft:killed":{"minecraft:pig":4,"minecraft:zombie_villager":1,"minecraft:spider":1,"minecraft:creeper":2,"minecraft:sheep":7,"minecraft:skeleton":1,"minecraft:zombie":11,"minecraft:cow":4},"minecraft:crafted":{"minecraft:oak_planks":8,"minecraft:dark_oak_boat":1,"minecraft:crafting_table":3,"minecraft:wooden_pickaxe":1,"minecraft:furnace":1,"minecraft:stone_axe":2,"minecraft:air":0,"minecraft:iron_chestplate":1,"minecraft:wooden_hoe":1,"minecraft:shield":1,"minecraft:stick":48,"minecraft:iron_ingot":3,"minecraft:iron_pickaxe":1,"minecraft:stone_pickaxe":1,"minecraft:wooden_axe":1,"minecraft:dark_oak_planks":56,"minecraft:torch":136},"minecraft:mined":{"minecraft:deepslate_redstone_ore":4,"minecraft:spruce_planks":1,"minecraft:dark_oak_leaves":1,"minecraft:deepslate_diamond_ore":1,"minecraft:jungle_slab":2,"minecraft:dark_oak_log":79,"minecraft:crafting_table":7,"minecraft:torch":4,"minecraft:grass_block":6,"minecraft:tall_grass":5,"minecraft:lapis_ore":4,"minecraft:deepslate_gold_ore":21,"minecraft:sugar_cane":12,"minecraft:diorite":4,"minecraft:sandstone":1,"minecraft:wall_torch":10,"minecraft:spruce_stairs":1,"minecraft:furnace":1,"minecraft:iron_ore":20,"minecraft:cobbled_deepslate":7,"minecraft:andesite":4,"minecraft:grass":93,"minecraft:oak_log":2,"minecraft:coal_ore":44,"minecraft:deepslate_iron_ore":7,"minecraft:sand":7,"minecraft:dirt":5,"minecraft:stone":37,"minecraft:spruce_slab":1,"minecraft:oak_leaves":14,"minecraft:deepslate":28},"minecraft:used":{"minecraft:diorite":4,"minecraft:stone_pickaxe":51,"minecraft:wooden_pickaxe":6,"minecraft:shield":27,"minecraft:sandstone":1,"minecraft:iron_chestplate":1,"minecraft:white_wool":1,"minecraft:torch":66,"minecraft:glow_berries":6,"minecraft:dirt":3,"minecraft:sand":2,"minecraft:crafting_table":9,"minecraft:wooden_axe":9,"minecraft:wooden_hoe":17,"minecraft:bread":25,"minecraft:iron_pickaxe":144,"minecraft:stone_axe":172,"minecraft:light_gray_wool":1,"minecraft:cobblestone":16,"minecraft:dark_oak_boat":1,"minecraft:furnace":1,"minecraft:andesite":4,"minecraft:cobbled_deepslate":28},"minecraft:killed_by":{"minecraft:player":1,"minecraft:skeleton":4},"minecraft:dropped":{"minecraft:wheat_seeds":10,"minecraft:diamond":3,"minecraft:raw_iron":3,"minecraft:rotten_flesh":3,"minecraft:torch":9,"minecraft:wooden_hoe":1,"minecraft:oak_sapling":2}},"DataVersion":3465}