{"stats":{"minecraft:crafted":{"minecraft:cooked_beef":5,"minecraft:wooden_sword":1,"minecraft:oak_planks":48,"minecraft:crafting_table":3,"minecraft:stick":20,"minecraft:iron_pickaxe":1,"minecraft:iron_ingot":4,"minecraft:wooden_pickaxe":2,"minecraft:stone_pickaxe":2,"minecraft:stone_sword":1,"minecraft:furnace":2,"minecraft:stone_axe":2,"minecraft:air":0},"minecraft:killed":{"minecraft:sheep":1,"minecraft:zombie":1,"minecraft:spider":1,"minecraft:cow":3},"minecraft:killed_by":{"minecraft:creeper":1},"minecraft:dropped":{"minecraft:diorite":2,"minecraft:stone_pickaxe":1,"minecraft:wooden_pickaxe":1},"minecraft:mined":{"minecraft:furnace":1,"minecraft:birch_log":13,"minecraft:iron_ore":8,"minecraft:sweet_berry_bush":15,"minecraft:crafting_table":3,"minecraft:grass":8,"minecraft:oak_log":47,"minecraft:grass_block":9,"minecraft:coal_ore":50,"minecraft:dirt":10,"minecraft:stone":61,"minecraft:diorite":2,"minecraft:oak_leaves":6,"minecraft:fern":2},"minecraft:picked_up":{"minecraft:birch_log":12,"minecraft:crafting_table":3,"minecraft:stick":2,"minecraft:raw_iron":8,"minecraft:sweet_berries":34,"minecraft:leather":3,"minecraft:porkchop":3,"minecraft:oak_log":47,"minecraft:diorite":2,"minecraft:spider_eye":1,"minecraft:string":1,"minecraft:dirt":19,"minecraft:rotten_flesh":1,"minecraft:wheat_seeds":2,"minecraft:beef":5,"minecraft:egg":2,"minecraft:oak_sapling":2,"minecraft:mutton":1,"minecraft:coal":85,"minecraft:white_wool":1,"minecraft:cobblestone":63,"minecraft:furnace":1},"minecraft:custom":{"minecraft:time_since_rest":8655,"minecraft:interact_with_furnace":9,"minecraft:sprint_one_cm":67955,"minecraft:damage_taken":730,"minecraft:walk_one_cm":35305,"minecraft:mob_kills":7,"minecraft:drop":3,"minecraft:damage_dealt":760,"minecraft:interact_with_crafting_table":12,"minecraft:swim_one_cm":18242,"minecraft:fly_one_cm":63952,"minecraft:crouch_one_cm":737,"minecraft:play_time":22534,"minecraft:deaths":1,"minecraft:sneak_time":307,"minecraft:walk_under_water_one_cm":688,"minecraft:jump":381,"minecraft:leave_game":2,"minecraft:time_since_death":8623,"minecraft:walk_on_water_one_cm":2487,"minecraft:total_world_time":22534,"minecraft:fall_one_cm":10108},"minecraft:used":{"minecraft:bread":7,"minecraft:stone_pickaxe":98,"minecraft:oak_planks":2,"minecraft:wooden_pickaxe":32,"minecraft:stone_axe":59,"minecraft:wooden_sword":12,"minecraft:dirt":18,"minecraft:cobblestone":2,"minecraft:crafting_table":5,"minecraft:furnace":2,"minecraft:egg":2,"minecraft:cooked_beef":2}},"DataVersion":3465}