{"stats":{"minecraft:crafted":{"minecraft:cooked_beef":5,"minecraft:wooden_sword":1,"minecraft:oak_planks":48,"minecraft:crafting_table":3,"minecraft:wooden_pickaxe":2,"minecraft:furnace":2,"minecraft:birch_planks":56,"minecraft:stone_axe":2,"minecraft:air":0,"minecraft:shield":1,"minecraft:stick":20,"minecraft:iron_ingot":4,"minecraft:iron_pickaxe":1,"minecraft:stone_pickaxe":2,"minecraft:stone_sword":1},"minecraft:killed":{"minecraft:pig":14,"minecraft:spider":1,"minecraft:sheep":12,"minecraft:zombie":1,"minecraft:cow":7},"minecraft:killed_by":{"minecraft:creeper":1},"minecraft:mined":{"minecraft:crafting_table":4,"minecraft:grass_block":9,"minecraft:tall_grass":32,"minecraft:cobblestone":2,"minecraft:diorite":2,"minecraft:furnace":2,"minecraft:birch_log":14,"minecraft:iron_ore":22,"minecraft:sweet_berry_bush":15,"minecraft:andesite":1,"minecraft:grass":56,"minecraft:coal_ore":51,"minecraft:oak_log":53,"minecraft:sunflower":1,"minecraft:dirt":10,"minecraft:stone":102,"minecraft:oak_leaves":7,"minecraft:fern":2},"minecraft:dropped":{"minecraft:porkchop":15,"minecraft:diorite":2,"minecraft:spider_eye":2,"minecraft:wooden_pickaxe":1,"minecraft:stone_pickaxe":1},"minecraft:picked_up":{"minecraft:birch_log":14,"minecraft:crafting_table":4,"minecraft:andesite":1,"minecraft:leather":8,"minecraft:oak_log":52,"minecraft:dirt":19,"minecraft:string":1,"minecraft:wheat_seeds":8,"minecraft:beef":11,"minecraft:light_gray_wool":1,"minecraft:furnace":2,"minecraft:egg":2,"minecraft:stick":2,"minecraft:raw_iron":22,"minecraft:sweet_berries":34,"minecraft:porkchop":47,"minecraft:diorite":2,"minecraft:carrot":1,"minecraft:spider_eye":2,"minecraft:rotten_flesh":2,"minecraft:oak_sapling":2,"minecraft:black_wool":1,"minecraft:mutton":15,"minecraft:coal":91,"minecraft:white_wool":10,"minecraft:cobblestone":102},"minecraft:custom":{"minecraft:interact_with_furnace":10,"minecraft:mob_kills":36,"minecraft:interact_with_crafting_table":14,"minecraft:leave_game":2,"minecraft:time_since_death":20623,"minecraft:time_since_rest":20655,"minecraft:sprint_one_cm":148864,"minecraft:damage_taken":1050,"minecraft:walk_one_cm":52602,"minecraft:damage_blocked_by_shield":60,"minecraft:drop":6,"minecraft:damage_dealt":3440,"minecraft:swim_one_cm":24150,"minecraft:fly_one_cm":142386,"minecraft:crouch_one_cm":1725,"minecraft:play_time":34534,"minecraft:deaths":1,"minecraft:sneak_time":835,"minecraft:walk_under_water_one_cm":918,"minecraft:jump":706,"minecraft:walk_on_water_one_cm":3026,"minecraft:total_world_time":34534,"minecraft:fall_one_cm":24782},"minecraft:used":{"minecraft:stone_sword":122,"minecraft:stone_pickaxe":98,"minecraft:oak_planks":2,"minecraft:shield":1,"minecraft:wooden_pickaxe":32,"minecraft:dirt":18,"minecraft:crafting_table":5,"minecraft:bread":14,"minecraft:iron_pickaxe":60,"minecraft:stone_axe":69,"minecraft:wooden_sword":12,"minecraft:cobblestone":8,"minecraft:furnace":2,"minecraft:egg":2,"minecraft:cooked_beef":2}},"DataVersion":3465}