{"stats":{"minecraft:broken":{"minecraft:stone_axe":2},"minecraft:picked_up":{"minecraft:crafting_table":8,"minecraft:wheat":67,"minecraft:chicken":22,"minecraft:enchanted_book":1,"minecraft:gold_block":1,"minecraft:string":7,"minecraft:beetroot":3,"minecraft:activator_rail":2,"minecraft:detector_rail":4,"minecraft:cobbled_deepslate":38,"minecraft:beef":30,"minecraft:spruce_slab":1,"minecraft:light_gray_wool":2,"minecraft:sugar_cane":30,"minecraft:furnace":2,"minecraft:raw_iron":72,"minecraft:sandstone":1,"minecraft:torch":77,"minecraft:porkchop":41,"minecraft:diorite":5,"minecraft:carrot":97,"minecraft:arrow":34,"minecraft:rotten_flesh":53,"minecraft:beetroot_seeds":13,"minecraft:jungle_stairs":1,"minecraft:hay_block":15,"minecraft:gold_ingot":3,"minecraft:mutton":14,"minecraft:glow_berries":10,"minecraft:obsidian":4,"minecraft:cod":4,"minecraft:white_wool":22,"minecraft:rail":39,"minecraft:cobblestone":67,"minecraft:feather":19,"minecraft:glow_ink_sac":19,"minecraft:salmon":24,"minecraft:andesite":4,"minecraft:leather":17,"minecraft:brown_wool":1,"minecraft:dark_oak_boat":2,"minecraft:potato":22,"minecraft:flint":1,"minecraft:oak_log":45,"minecraft:gunpowder":21,"minecraft:lapis_lazuli":33,"minecraft:dirt":25,"minecraft:name_tag":5,"minecraft:bone":36,"minecraft:apple":1,"minecraft:wheat_seeds":209,"minecraft:raw_gold":21,"minecraft:iron_ingot":6,"minecraft:powered_rail":1,"minecraft:gravel":1,"minecraft:sand":21,"minecraft:ink_sac":6,"minecraft:dark_oak_log":126,"minecraft:diamond":17,"minecraft:gray_wool":2,"minecraft:bread":14,"minecraft:oak_sapling":2,"minecraft:black_wool":2,"minecraft:netherrack":1,"minecraft:coal":109},"minecraft:custom":{"minecraft:mob_kills":46,"minecraft:interact_with_crafting_table":28,"minecraft:bell_ring":70,"minecraft:leave_game":10,"minecraft:time_since_death":24611,"minecraft:sprint_one_cm":261247,"minecraft:walk_one_cm":135841,"minecraft:damage_blocked_by_shield":1920,"minecraft:drop":27,"minecraft:play_time":75997,"minecraft:deaths":6,"minecraft:sneak_time":3134,"minecraft:walk_under_water_one_cm":3098,"minecraft:boat_one_cm":138118,"minecraft:jump":2791,"minecraft:walk_on_water_one_cm":17633,"minecraft:total_world_time":75997,"minecraft:interact_with_furnace":21,"minecraft:sleep_in_bed":1,"minecraft:time_since_rest":2631,"minecraft:damage_taken":2826,"minecraft:damage_dealt":7534,"minecraft:swim_one_cm":30909,"minecraft:fly_one_cm":351832,"minecraft:player_kills":2,"minecraft:open_chest":5,"minecraft:crouch_one_cm":5680,"minecraft:fall_one_cm":43746},"minecraft:killed":{"minecraft:spider":1,"minecraft:skeleton":2,"minecraft:chicken":2,"minecraft:pig":8,"minecraft:zombie_villager":1,"minecraft:creeper":2,"minecraft:sheep":7,"minecraft:zombie":13,"minecraft:cow":7},"minecraft:crafted":{"minecraft:golden_carrot":4,"minecraft:oak_planks":180,"minecraft:dark_oak_boat":1,"minecraft:furnace":2,"minecraft:flint_and_steel":1,"minecraft:iron_boots":1,"minecraft:stone_pickaxe":1,"minecraft:dark_oak_planks":100,"minecraft:stone_hoe":1,"minecraft:crafting_table":6,"minecraft:wooden_pickaxe":1,"minecraft:stone_axe":3,"minecraft:bread":11,"minecraft:air":0,"minecraft:wooden_hoe":1,"minecraft:iron_chestplate":1,"minecraft:diamond_pickaxe":1,"minecraft:gold_nugget":81,"minecraft:shield":2,"minecraft:stick":60,"minecraft:iron_pickaxe":1,"minecraft:iron_ingot":13,"minecraft:wooden_axe":1,"minecraft:gold_ingot":9,"minecraft:torch":136,"minecraft:diamond_chestplate":1},"minecraft:mined":{"minecraft:spruce_planks":1,"minecraft:dark_oak_leaves":1,"minecraft:deepslate_diamond_ore":1,"minecraft:jungle_slab":2,"minecraft:dark_oak_log":79,"minecraft:obsidian":4,"minecraft:grass_block":9,"minecraft:composter":1,"minecraft:sandstone":1,"minecraft:hay_block":15,"minecraft:furnace":2,"minecraft:carrots":27,"minecraft:cobbled_deepslate":7,"minecraft:iron_ore":20,"minecraft:andesite":4,"minecraft:gold_block":1,"minecraft:potatoes":9,"minecraft:deepslate_iron_ore":7,"minecraft:stone":54,"minecraft:spruce_slab":1,"minecraft:deepslate_redstone_ore":4,"minecraft:crafting_table":8,"minecraft:torch":4,"minecraft:jungle_stairs":1,"minecraft:tall_grass":12,"minecraft:cobblestone":5,"minecraft:lapis_ore":4,"minecraft:deepslate_gold_ore":21,"minecraft:sugar_cane":12,"minecraft:diorite":4,"minecraft:wall_torch":10,"minecraft:spruce_stairs":1,"minecraft:wheat":86,"minecraft:grass":114,"minecraft:oak_log":45,"minecraft:coal_ore":58,"minecraft:beetroots":7,"minecraft:gravel":2,"minecraft:sand":23,"minecraft:dirt":8,"minecraft:netherrack":1,"minecraft:oak_leaves":14,"minecraft:deepslate":28},"minecraft:used":{"minecraft:flint_and_steel":1,"minecraft:shield":30,"minecraft:bell":1,"minecraft:stone_hoe":15,"minecraft:iron_chestplate":1,"minecraft:torch":66,"minecraft:dirt":7,"minecraft:obsidian":4,"minecraft:wooden_axe":9,"minecraft:iron_boots":1,"minecraft:light_gray_wool":1,"minecraft:golden_sword":39,"minecraft:dark_oak_boat":1,"minecraft:furnace":3,"minecraft:cobbled_deepslate":28,"minecraft:wheat_seeds":130,"minecraft:diorite":4,"minecraft:stone_pickaxe":51,"minecraft:wooden_pickaxe":6,"minecraft:sandstone":1,"minecraft:white_wool":1,"minecraft:glow_berries":6,"minecraft:sand":20,"minecraft:crafting_table":12,"minecraft:wooden_hoe":17,"minecraft:diamond_pickaxe":66,"minecraft:bread":35,"minecraft:iron_pickaxe":144,"minecraft:gravel":2,"minecraft:golden_leggings":1,"minecraft:stone_axe":229,"minecraft:cobblestone":21,"minecraft:andesite":4},"minecraft:killed_by":{"minecraft:player":1,"minecraft:skeleton":4},"minecraft:dropped":{"minecraft:wheat_seeds":12,"minecraft:diamond":3,"minecraft:torch":9,"minecraft:wooden_hoe":1,"minecraft:sand":1,"minecraft:raw_iron":3,"minecraft:rotten_flesh":4,"minecraft:jungle_stairs":1,"minecraft:oak_sapling":2,"minecraft:spruce_slab":1}},"DataVersion":3465}