{"stats":{"minecraft:dropped":{"minecraft:iron_ingot":2,"minecraft:wheat_seeds":1,"minecraft:cobblestone":17,"minecraft:wooden_axe":1,"minecraft:wooden_sword":1,"minecraft:wooden_pickaxe":2,"minecraft:stone_pickaxe":2},"minecraft:picked_up":{"minecraft:wooden_axe":1,"minecraft:birch_log":135,"minecraft:crafting_table":3,"minecraft:chicken":1,"minecraft:leather":4,"minecraft:wooden_pickaxe":2,"minecraft:dirt":37,"minecraft:wheat_seeds":5,"minecraft:stone_pickaxe":2,"minecraft:beef":8,"minecraft:iron_ingot":1,"minecraft:sugar_cane":3,"minecraft:birch_sapling":2,"minecraft:stick":4,"minecraft:raw_iron":25,"minecraft:torch":6,"minecraft:porkchop":11,"minecraft:white_bed":1,"minecraft:stone_sword":1,"minecraft:rotten_flesh":6,"minecraft:stone_axe":1,"minecraft:gray_wool":1,"minecraft:bread":53,"minecraft:black_wool":2,"minecraft:mutton":35,"minecraft:coal":117,"minecraft:white_wool":14,"minecraft:cobblestone":112},"minecraft:mined":{"minecraft:crafting_table":3,"minecraft:torch":5,"minecraft:grass_block":10,"minecraft:tall_grass":1,"minecraft:cobblestone":3,"minecraft:sugar_cane":2,"minecraft:wall_torch":1,"minecraft:birch_log":69,"minecraft:iron_ore":17,"minecraft:birch_leaves":4,"minecraft:black_wool":1,"minecraft:grass":30,"minecraft:coal_ore":51,"minecraft:dirt":11,"minecraft:stone":96,"minecraft:small_dripleaf":1},"minecraft:killed_by":{"minecraft:skeleton":2},"minecraft:killed":{"minecraft:pig":4,"minecraft:spider":1,"minecraft:sheep":12,"minecraft:zombie":4,"minecraft:chicken":1,"minecraft:cow":2},"minecraft:custom":{"minecraft:interact_with_furnace":26,"minecraft:mob_kills":25,"minecraft:interact_with_crafting_table":10,"minecraft:leave_game":11,"minecraft:time_since_death":1591,"minecraft:sleep_in_bed":1,"minecraft:time_since_rest":1615,"minecraft:sprint_one_cm":142854,"minecraft:damage_taken":1713,"minecraft:walk_one_cm":62855,"minecraft:damage_blocked_by_shield":1200,"minecraft:drop":26,"minecraft:damage_dealt":2627,"minecraft:swim_one_cm":12409,"minecraft:fly_one_cm":109676,"minecraft:crouch_one_cm":1886,"minecraft:play_time":43302,"minecraft:deaths":3,"minecraft:sneak_time":695,"minecraft:walk_under_water_one_cm":2767,"minecraft:jump":824,"minecraft:walk_on_water_one_cm":5721,"minecraft:total_world_time":43302,"minecraft:fall_one_cm":24508},"minecraft:used":{"minecraft:stone_sword":41,"minecraft:birch_planks":3,"minecraft:stone_pickaxe":164,"minecraft:wooden_pickaxe":17,"minecraft:shield":29,"minecraft:iron_chestplate":1,"minecraft:torch":33,"minecraft:dirt":18,"minecraft:crafting_table":5,"minecraft:white_bed":2,"minecraft:wooden_axe":2,"minecraft:black_wool":1,"minecraft:chicken":1,"minecraft:bread":15,"minecraft:stone_axe":78,"minecraft:wooden_sword":11,"minecraft:cobblestone":43},"minecraft:crafted":{"minecraft:wooden_sword":1,"minecraft:crafting_table":3,"minecraft:wooden_pickaxe":1,"minecraft:birch_planks":48,"minecraft:stone_axe":2,"minecraft:air":0,"minecraft:iron_chestplate":1,"minecraft:shield":1,"minecraft:stick":36,"minecraft:iron_ingot":15,"minecraft:iron_pickaxe":1,"minecraft:stone_pickaxe":2,"minecraft:stone_sword":1,"minecraft:white_bed":1,"minecraft:torch":88}},"DataVersion":3465}