{"stats":{"minecraft:broken":{"minecraft:stone_axe":2},"minecraft:picked_up":{"minecraft:crafting_table":8,"minecraft:wheat":67,"minecraft:chicken":22,"minecraft:enchanted_book":1,"minecraft:gold_block":1,"minecraft:string":7,"minecraft:beetroot":3,"minecraft:activator_rail":2,"minecraft:cobbled_deepslate":38,"minecraft:detector_rail":4,"minecraft:beef":30,"minecraft:spruce_slab":1,"minecraft:light_gray_wool":2,"minecraft:sugar_cane":30,"minecraft:furnace":2,"minecraft:raw_iron":72,"minecraft:sandstone":1,"minecraft:torch":77,"minecraft:porkchop":41,"minecraft:diorite":5,"minecraft:carrot":97,"minecraft:arrow":34,"minecraft:rotten_flesh":64,"minecraft:beetroot_seeds":13,"minecraft:jungle_stairs":1,"minecraft:hay_block":15,"minecraft:gold_ingot":3,"minecraft:obsidian":4,"minecraft:glow_berries":10,"minecraft:mutton":14,"minecraft:cod":4,"minecraft:rail":39,"minecraft:white_wool":22,"minecraft:cobblestone":67,"minecraft:feather":19,"minecraft:glow_ink_sac":19,"minecraft:andesite":4,"minecraft:salmon":24,"minecraft:brown_wool":1,"minecraft:leather":17,"minecraft:dark_oak_boat":2,"minecraft:potato":22,"minecraft:flint":1,"minecraft:oak_log":45,"minecraft:yellow_bed":1,"minecraft:gunpowder":21,"minecraft:lapis_lazuli":33,"minecraft:dirt":59,"minecraft:name_tag":5,"minecraft:bone":36,"minecraft:apple":1,"minecraft:wheat_seeds":280,"minecraft:raw_gold":21,"minecraft:iron_ingot":6,"minecraft:powered_rail":1,"minecraft:dandelion":1,"minecraft:gravel":1,"minecraft:sand":21,"minecraft:ink_sac":6,"minecraft:white_bed":1,"minecraft:dark_oak_log":134,"minecraft:diamond":17,"minecraft:gray_wool":2,"minecraft:bread":14,"minecraft:oak_sapling":2,"minecraft:netherrack":1,"minecraft:black_wool":2,"minecraft:coal":109},"minecraft:custom":{"minecraft:mob_kills":46,"minecraft:interact_with_crafting_table":30,"minecraft:bell_ring":70,"minecraft:leave_game":12,"minecraft:time_since_death":1323,"minecraft:sprint_one_cm":302155,"minecraft:walk_one_cm":142324,"minecraft:damage_blocked_by_shield":2010,"minecraft:drop":36,"minecraft:play_time":85894,"minecraft:deaths":12,"minecraft:sneak_time":4423,"minecraft:walk_under_water_one_cm":3098,"minecraft:boat_one_cm":138118,"minecraft:jump":3158,"minecraft:walk_on_water_one_cm":17723,"minecraft:total_world_time":85894,"minecraft:interact_with_furnace":21,"minecraft:sleep_in_bed":1,"minecraft:time_since_rest":1369,"minecraft:damage_taken":4478,"minecraft:damage_dealt":7553,"minecraft:swim_one_cm":30909,"minecraft:fly_one_cm":456709,"minecraft:player_kills":2,"minecraft:open_chest":9,"minecraft:crouch_one_cm":6236,"minecraft:fall_one_cm":58745},"minecraft:killed":{"minecraft:spider":1,"minecraft:skeleton":2,"minecraft:chicken":2,"minecraft:pig":8,"minecraft:zombie_villager":1,"minecraft:creeper":2,"minecraft:sheep":7,"minecraft:zombie":13,"minecraft:cow":7},"minecraft:crafted":{"minecraft:golden_carrot":4,"minecraft:oak_planks":180,"minecraft:dark_oak_boat":1,"minecraft:furnace":2,"minecraft:flint_and_steel":1,"minecraft:iron_boots":1,"minecraft:stone_pickaxe":1,"minecraft:chest":2,"minecraft:dark_oak_planks":124,"minecraft:stone_hoe":1,"minecraft:crafting_table":7,"minecraft:wooden_pickaxe":1,"minecraft:stone_axe":3,"minecraft:bread":11,"minecraft:air":0,"minecraft:iron_chestplate":1,"minecraft:wooden_hoe":1,"minecraft:diamond_pickaxe":1,"minecraft:gold_nugget":81,"minecraft:shield":2,"minecraft:stick":60,"minecraft:iron_ingot":25,"minecraft:iron_pickaxe":1,"minecraft:wooden_axe":1,"minecraft:gold_ingot":9,"minecraft:torch":136,"minecraft:diamond_chestplate":1},"minecraft:mined":{"minecraft:spruce_planks":1,"minecraft:white_bed":1,"minecraft:dark_oak_leaves":3,"minecraft:deepslate_diamond_ore":1,"minecraft:jungle_slab":2,"minecraft:dark_oak_log":87,"minecraft:obsidian":4,"minecraft:grass_block":25,"minecraft:composter":1,"minecraft:sandstone":1,"minecraft:hay_block":15,"minecraft:furnace":2,"minecraft:carrots":27,"minecraft:iron_ore":20,"minecraft:cobbled_deepslate":7,"minecraft:andesite":4,"minecraft:gold_block":1,"minecraft:potatoes":9,"minecraft:deepslate_iron_ore":7,"minecraft:stone":54,"minecraft:spruce_slab":1,"minecraft:deepslate_redstone_ore":4,"minecraft:crafting_table":8,"minecraft:torch":4,"minecraft:jungle_stairs":1,"minecraft:tall_grass":20,"minecraft:cobblestone":5,"minecraft:lapis_ore":4,"minecraft:deepslate_gold_ore":21,"minecraft:sugar_cane":12,"minecraft:diorite":4,"minecraft:wall_torch":10,"minecraft:spruce_stairs":1,"minecraft:wheat":86,"minecraft:yellow_bed":1,"minecraft:grass":176,"minecraft:oak_log":45,"minecraft:coal_ore":58,"minecraft:beetroots":7,"minecraft:gravel":2,"minecraft:sand":23,"minecraft:dirt":27,"minecraft:netherrack":1,"minecraft:oak_leaves":14,"minecraft:deepslate":28},"minecraft:used":{"minecraft:flint_and_steel":1,"minecraft:chest":2,"minecraft:shield":31,"minecraft:bell":1,"minecraft:stone_hoe":15,"minecraft:iron_chestplate":1,"minecraft:torch":66,"minecraft:dirt":35,"minecraft:obsidian":4,"minecraft:wooden_axe":9,"minecraft:iron_boots":1,"minecraft:light_gray_wool":1,"minecraft:golden_sword":43,"minecraft:dark_oak_boat":1,"minecraft:furnace":3,"minecraft:cobbled_deepslate":28,"minecraft:wheat_seeds":130,"minecraft:diorite":4,"minecraft:stone_pickaxe":51,"minecraft:wooden_pickaxe":6,"minecraft:sandstone":1,"minecraft:white_wool":1,"minecraft:glow_berries":6,"minecraft:sand":20,"minecraft:crafting_table":12,"minecraft:wooden_hoe":17,"minecraft:diamond_pickaxe":66,"minecraft:bread":36,"minecraft:iron_pickaxe":144,"minecraft:gravel":2,"minecraft:golden_leggings":1,"minecraft:stone_axe":229,"minecraft:cobblestone":21,"minecraft:andesite":4,"minecraft:yellow_bed":1,"minecraft:dandelion":1},"minecraft:killed_by":{"minecraft:player":6,"minecraft:skeleton":4},"minecraft:dropped":{"minecraft:wheat_seeds":82,"minecraft:diamond":3,"minecraft:torch":9,"minecraft:wooden_hoe":1,"minecraft:sand":1,"minecraft:raw_iron":3,"minecraft:rotten_flesh":6,"minecraft:jungle_stairs":1,"minecraft:oak_sapling":2,"minecraft:spruce_slab":1}},"DataVersion":3465}