{"stats":{"minecraft:killed":{"minecraft:pig":14,"minecraft:spider":2,"minecraft:creeper":1,"minecraft:sheep":12,"minecraft:zombie":5,"minecraft:cow":7},"minecraft:picked_up":{"minecraft:birch_log":20,"minecraft:crafting_table":11,"minecraft:andesite":37,"minecraft:leather":8,"minecraft:wooden_pickaxe":1,"minecraft:flint":1,"minecraft:tuff":22,"minecraft:oak_log":70,"minecraft:lapis_lazuli":44,"minecraft:string":3,"minecraft:dirt":28,"minecraft:iron_axe":1,"minecraft:cooked_mutton":4,"minecraft:wheat_seeds":8,"minecraft:cobbled_deepslate":191,"minecraft:raw_gold":10,"minecraft:beef":11,"minecraft:stone_pickaxe":2,"minecraft:iron_pickaxe":1,"minecraft:light_gray_wool":1,"minecraft:iron_sword":1,"minecraft:furnace":3,"minecraft:egg":2,"minecraft:stick":4,"minecraft:raw_iron":85,"minecraft:oak_door":1,"minecraft:sweet_berries":34,"minecraft:raw_iron_block":2,"minecraft:gravel":12,"minecraft:porkchop":47,"minecraft:diorite":10,"minecraft:carrot":1,"minecraft:spider_eye":2,"minecraft:rotten_flesh":4,"minecraft:diamond":92,"minecraft:stone_axe":1,"minecraft:granite":24,"minecraft:bread":18,"minecraft:oak_sapling":3,"minecraft:black_wool":1,"minecraft:mutton":15,"minecraft:coal":185,"minecraft:white_wool":10,"minecraft:cobblestone":273},"minecraft:dropped":{"minecraft:porkchop":15,"minecraft:crafting_table":3,"minecraft:diorite":2,"minecraft:spider_eye":2,"minecraft:wooden_pickaxe":4,"minecraft:stone_pickaxe":3},"minecraft:broken":{"minecraft:iron_pickaxe":1},"minecraft:used":{"minecraft:cooked_mutton":2,"minecraft:diorite":5,"minecraft:stone_sword":130,"minecraft:stone_pickaxe":241,"minecraft:oak_planks":2,"minecraft:shield":43,"minecraft:wooden_pickaxe":96,"minecraft:diamond_axe":7,"minecraft:iron_chestplate":1,"minecraft:oak_door":2,"minecraft:dirt":25,"minecraft:crafting_table":12,"minecraft:granite":22,"minecraft:diamond_pickaxe":192,"minecraft:iron_axe":2,"minecraft:bread":25,"minecraft:iron_pickaxe":349,"minecraft:gravel":11,"minecraft:stone_axe":86,"minecraft:wooden_sword":12,"minecraft:cobblestone":43,"minecraft:furnace":3,"minecraft:andesite":13,"minecraft:egg":2,"minecraft:cooked_beef":2},"minecraft:mined":{"minecraft:tuff":22,"minecraft:deepslate_diamond_ore":71,"minecraft:oak_door":1,"minecraft:crafting_table":10,"minecraft:granite":24,"minecraft:grass_block":13,"minecraft:cobblestone":3,"minecraft:tall_grass":32,"minecraft:deepslate_gold_ore":4,"minecraft:diorite":10,"minecraft:raw_iron_block":2,"minecraft:furnace":3,"minecraft:birch_log":20,"minecraft:iron_ore":66,"minecraft:sweet_berry_bush":15,"minecraft:andesite":37,"minecraft:birch_leaves":3,"minecraft:deepslate_lapis_ore":7,"minecraft:grass":75,"minecraft:coal_ore":129,"minecraft:oak_log":71,"minecraft:deepslate_iron_ore":21,"minecraft:rail":1,"minecraft:sunflower":1,"minecraft:gravel":14,"minecraft:dirt":15,"minecraft:stone":269,"minecraft:gold_ore":6,"minecraft:oak_leaves":20,"minecraft:deepslate":180,"minecraft:fern":2},"minecraft:crafted":{"minecraft:cooked_beef":5,"minecraft:wooden_sword":1,"minecraft:oak_door":3,"minecraft:oak_planks":96,"minecraft:raw_iron":18,"minecraft:diamond_axe":1,"minecraft:crafting_table":8,"minecraft:wooden_pickaxe":5,"minecraft:furnace":4,"minecraft:birch_planks":80,"minecraft:stone_axe":4,"minecraft:air":0,"minecraft:diamond_helmet":1,"minecraft:diamond_leggings":2,"minecraft:iron_chestplate":1,"minecraft:diamond_pickaxe":2,"minecraft:shield":2,"minecraft:stick":48,"minecraft:iron_ingot":25,"minecraft:iron_pickaxe":2,"minecraft:stone_pickaxe":4,"minecraft:stone_sword":1,"minecraft:diamond_boots":1,"minecraft:diamond_chestplate":2},"minecraft:killed_by":{"minecraft:cave_spider":1,"minecraft:skeleton":2,"minecraft:creeper":1,"minecraft:spider":1},"minecraft:custom":{"minecraft:interact_with_furnace":19,"minecraft:mob_kills":42,"minecraft:interact_with_crafting_table":40,"minecraft:leave_game":6,"minecraft:time_since_death":1926,"minecraft:time_since_rest":1952,"minecraft:sprint_one_cm":256762,"minecraft:damage_taken":2934,"minecraft:walk_one_cm":116712,"minecraft:damage_blocked_by_shield":795,"minecraft:drop":14,"minecraft:damage_dealt":4439,"minecraft:swim_one_cm":32858,"minecraft:fly_one_cm":233921,"minecraft:crouch_one_cm":4167,"minecraft:play_time":82937,"minecraft:deaths":6,"minecraft:sneak_time":2943,"minecraft:walk_under_water_one_cm":4984,"minecraft:jump":1393,"minecraft:walk_on_water_one_cm":7445,"minecraft:total_world_time":82937,"minecraft:fall_one_cm":44484}},"DataVersion":3465}