{"stats":{"minecraft:dropped":{"minecraft:iron_ingot":2,"minecraft:wheat_seeds":1,"minecraft:cobblestone":17,"minecraft:wooden_axe":1,"minecraft:wooden_sword":1,"minecraft:wooden_pickaxe":3,"minecraft:stone_pickaxe":2},"minecraft:picked_up":{"minecraft:wooden_axe":1,"minecraft:birch_log":166,"minecraft:crafting_table":4,"minecraft:feather":2,"minecraft:chicken":3,"minecraft:andesite":14,"minecraft:leather":5,"minecraft:wooden_pickaxe":2,"minecraft:lapis_lazuli":29,"minecraft:dirt":49,"minecraft:bone":2,"minecraft:wheat_seeds":5,"minecraft:bell":1,"minecraft:iron_ingot":1,"minecraft:stone_pickaxe":2,"minecraft:beef":9,"minecraft:moss_block":1,"minecraft:sugar_cane":3,"minecraft:birch_sapling":6,"minecraft:furnace":3,"minecraft:stick":5,"minecraft:raw_iron":78,"minecraft:torch":7,"minecraft:porkchop":11,"minecraft:diorite":9,"minecraft:white_bed":1,"minecraft:dark_oak_log":33,"minecraft:stone_sword":1,"minecraft:arrow":2,"minecraft:rotten_flesh":6,"minecraft:stone_axe":1,"minecraft:granite":6,"minecraft:gray_wool":2,"minecraft:bread":57,"minecraft:black_wool":2,"minecraft:mutton":49,"minecraft:coal":245,"minecraft:white_wool":18,"minecraft:cobblestone":292},"minecraft:mined":{"minecraft:dark_oak_log":34,"minecraft:crafting_table":4,"minecraft:torch":5,"minecraft:granite":7,"minecraft:grass_block":14,"minecraft:tall_grass":1,"minecraft:cobblestone":3,"minecraft:lapis_ore":4,"minecraft:moss_block":2,"minecraft:sugar_cane":2,"minecraft:diorite":9,"minecraft:wall_torch":2,"minecraft:furnace":3,"minecraft:birch_log":102,"minecraft:iron_ore":70,"minecraft:andesite":14,"minecraft:birch_leaves":5,"minecraft:black_wool":1,"minecraft:grass":35,"minecraft:coal_ore":94,"minecraft:dirt":16,"minecraft:stone":276,"minecraft:small_dripleaf":1},"minecraft:killed_by":{"minecraft:skeleton":2},"minecraft:killed":{"minecraft:pig":4,"minecraft:spider":1,"minecraft:sheep":17,"minecraft:zombie":4,"minecraft:chicken":3,"minecraft:cow":3},"minecraft:custom":{"minecraft:interact_with_furnace":43,"minecraft:mob_kills":33,"minecraft:interact_with_crafting_table":17,"minecraft:bell_ring":9,"minecraft:leave_game":14,"minecraft:time_since_death":32877,"minecraft:sleep_in_bed":1,"minecraft:time_since_rest":32901,"minecraft:sprint_one_cm":196497,"minecraft:damage_taken":2007,"minecraft:walk_one_cm":97969,"minecraft:damage_blocked_by_shield":1200,"minecraft:drop":27,"minecraft:damage_dealt":3435,"minecraft:swim_one_cm":12409,"minecraft:player_kills":1,"minecraft:fly_one_cm":135087,"minecraft:crouch_one_cm":3972,"minecraft:play_time":74588,"minecraft:deaths":3,"minecraft:sneak_time":1841,"minecraft:walk_under_water_one_cm":2767,"minecraft:jump":1046,"minecraft:walk_on_water_one_cm":6474,"minecraft:total_world_time":74588,"minecraft:fall_one_cm":30780},"minecraft:used":{"minecraft:cooked_mutton":2,"minecraft:diorite":2,"minecraft:stone_sword":41,"minecraft:birch_planks":3,"minecraft:stone_pickaxe":263,"minecraft:wooden_pickaxe":23,"minecraft:shield":29,"minecraft:bell":1,"minecraft:iron_chestplate":1,"minecraft:torch":34,"minecraft:dirt":26,"minecraft:crafting_table":6,"minecraft:white_bed":2,"minecraft:wooden_axe":2,"minecraft:black_wool":1,"minecraft:chicken":1,"minecraft:bread":19,"minecraft:iron_axe":1,"minecraft:iron_pickaxe":211,"minecraft:stone_axe":172,"minecraft:wooden_sword":11,"minecraft:cobblestone":60,"minecraft:furnace":4},"minecraft:crafted":{"minecraft:wooden_sword":1,"minecraft:crafting_table":4,"minecraft:wooden_pickaxe":1,"minecraft:furnace":1,"minecraft:birch_planks":48,"minecraft:stone_axe":2,"minecraft:cooked_mutton":8,"minecraft:air":0,"minecraft:iron_chestplate":1,"minecraft:shield":1,"minecraft:iron_axe":1,"minecraft:stick":44,"minecraft:iron_ingot":21,"minecraft:iron_pickaxe":2,"minecraft:stone_pickaxe":2,"minecraft:stone_sword":1,"minecraft:white_bed":1,"minecraft:dark_oak_planks":132,"minecraft:torch":104}},"DataVersion":3465}