{"stats":{"minecraft:dropped":{"minecraft:iron_ingot":2,"minecraft:wheat_seeds":1,"minecraft:cobblestone":18,"minecraft:wooden_axe":1,"minecraft:wooden_sword":1,"minecraft:stone_axe":1,"minecraft:cooked_chicken":1,"minecraft:cobbled_deepslate":1,"minecraft:tuff":8,"minecraft:shears":1,"minecraft:wooden_pickaxe":3,"minecraft:stone_pickaxe":5},"minecraft:picked_up":{"minecraft:wooden_axe":1,"minecraft:crafting_table":8,"minecraft:chicken":3,"minecraft:wooden_pickaxe":2,"minecraft:shield":1,"minecraft:iron_axe":1,"minecraft:diamond_leggings":1,"minecraft:cobbled_deepslate":272,"minecraft:beef":10,"minecraft:iron_pickaxe":1,"minecraft:sugar_cane":3,"minecraft:chest":4,"minecraft:birch_sapling":10,"minecraft:furnace":5,"minecraft:stick":6,"minecraft:raw_iron":112,"minecraft:torch":18,"minecraft:porkchop":11,"minecraft:diorite":9,"minecraft:dark_oak_planks":110,"minecraft:stone_sword":1,"minecraft:arrow":12,"minecraft:diamond_chestplate":1,"minecraft:rotten_flesh":11,"minecraft:diamond_boots":1,"minecraft:mutton":49,"minecraft:white_wool":22,"minecraft:cobblestone":504,"minecraft:birch_log":198,"minecraft:feather":4,"minecraft:andesite":21,"minecraft:leather":6,"minecraft:birch_planks":1,"minecraft:tuff":38,"minecraft:lapis_lazuli":58,"minecraft:dirt":49,"minecraft:bone":5,"minecraft:wheat_seeds":5,"minecraft:raw_gold":26,"minecraft:bell":1,"minecraft:stone_pickaxe":4,"minecraft:iron_ingot":11,"minecraft:diamond_helmet":1,"minecraft:moss_block":7,"minecraft:oak_planks":3,"minecraft:white_bed":1,"minecraft:dark_oak_log":33,"minecraft:diamond":65,"minecraft:stone_axe":1,"minecraft:granite":6,"minecraft:bone_meal":15,"minecraft:gray_wool":74,"minecraft:bread":57,"minecraft:black_wool":2,"minecraft:coal":335,"minecraft:diamond_pickaxe":1},"minecraft:mined":{"minecraft:tuff":4,"minecraft:deepslate_diamond_ore":49,"minecraft:dark_oak_log":34,"minecraft:glow_lichen":1,"minecraft:cave_vines_plant":2,"minecraft:granite":7,"minecraft:grass_block":14,"minecraft:blue_wool":4,"minecraft:moss_block":8,"minecraft:furnace":5,"minecraft:iron_ore":80,"minecraft:andesite":21,"minecraft:stone":304,"minecraft:crafting_table":8,"minecraft:torch":5,"minecraft:calcite":6,"minecraft:chest":1,"minecraft:tall_grass":3,"minecraft:cobblestone":8,"minecraft:lapis_ore":4,"minecraft:deepslate_gold_ore":13,"minecraft:sugar_cane":2,"minecraft:oak_planks":3,"minecraft:sculk":11,"minecraft:diorite":9,"minecraft:wall_torch":3,"minecraft:amethyst_block":10,"minecraft:gray_wool":73,"minecraft:birch_log":102,"minecraft:birch_leaves":7,"minecraft:grass":35,"minecraft:black_wool":1,"minecraft:coal_ore":94,"minecraft:dirt":16,"minecraft:smooth_basalt":2,"minecraft:small_dripleaf":1,"minecraft:deepslate":191},"minecraft:killed_by":{"minecraft:warden":1,"minecraft:skeleton":2},"minecraft:killed":{"minecraft:spider":1,"minecraft:skeleton":5,"minecraft:chicken":3,"minecraft:pig":4,"minecraft:creeper":1,"minecraft:sheep":17,"minecraft:zombie":11,"minecraft:cow":3},"minecraft:custom":{"minecraft:mob_kills":46,"minecraft:interact_with_crafting_table":29,"minecraft:bell_ring":9,"minecraft:leave_game":18,"minecraft:time_since_death":25007,"minecraft:climb_one_cm":868,"minecraft:sprint_one_cm":269406,"minecraft:walk_one_cm":151398,"minecraft:damage_blocked_by_shield":2430,"minecraft:drop":37,"minecraft:play_time":126041,"minecraft:deaths":4,"minecraft:sneak_time":17513,"minecraft:walk_under_water_one_cm":2767,"minecraft:jump":1592,"minecraft:walk_on_water_one_cm":6474,"minecraft:total_world_time":126041,"minecraft:interact_with_furnace":55,"minecraft:sleep_in_bed":1,"minecraft:time_since_rest":25075,"minecraft:damage_taken":3055,"minecraft:damage_dealt":6450,"minecraft:swim_one_cm":12409,"minecraft:fly_one_cm":185085,"minecraft:player_kills":1,"minecraft:open_chest":15,"minecraft:crouch_one_cm":41761,"minecraft:fall_one_cm":43025},"minecraft:used":{"minecraft:stone_sword":41,"minecraft:chest":3,"minecraft:shield":61,"minecraft:bell":1,"minecraft:iron_chestplate":1,"minecraft:torch":42,"minecraft:dirt":26,"minecraft:wooden_axe":2,"minecraft:iron_axe":57,"minecraft:furnace":6,"minecraft:cooked_beef":1,"minecraft:cobbled_deepslate":15,"minecraft:cooked_mutton":8,"minecraft:diorite":2,"minecraft:birch_planks":3,"minecraft:stone_pickaxe":263,"minecraft:oak_planks":3,"minecraft:wooden_pickaxe":23,"minecraft:crafting_table":11,"minecraft:white_bed":2,"minecraft:shears":77,"minecraft:diamond_pickaxe":96,"minecraft:black_wool":1,"minecraft:chicken":1,"minecraft:bread":19,"minecraft:iron_pickaxe":457,"minecraft:stone_axe":172,"minecraft:wooden_sword":11,"minecraft:cobblestone":209,"minecraft:andesite":7,"minecraft:gray_wool":71},"minecraft:broken":{"minecraft:iron_pickaxe":1},"minecraft:crafted":{"minecraft:wooden_sword":1,"minecraft:cooked_chicken":2,"minecraft:furnace":2,"minecraft:bone_meal":15,"minecraft:cooked_mutton":8,"minecraft:diamond_helmet":1,"minecraft:iron_boots":1,"minecraft:diamond_leggings":1,"minecraft:iron_axe":1,"minecraft:stone_pickaxe":2,"minecraft:chest":1,"minecraft:diamond_boots":1,"minecraft:dark_oak_planks":132,"minecraft:cooked_beef":1,"minecraft:crafting_table":6,"minecraft:wooden_pickaxe":1,"minecraft:iron_helmet":1,"minecraft:birch_planks":48,"minecraft:stone_axe":2,"minecraft:air":0,"minecraft:iron_chestplate":2,"minecraft:diamond_pickaxe":1,"minecraft:shield":2,"minecraft:stick":44,"minecraft:iron_ingot":59,"minecraft:iron_pickaxe":3,"minecraft:stone_sword":1,"minecraft:iron_leggings":1,"minecraft:white_bed":1,"minecraft:torch":104,"minecraft:shears":2,"minecraft:diamond_chestplate":1}},"DataVersion":3465}