{"stats":{"minecraft:broken":{"minecraft:stone_axe":1},"minecraft:picked_up":{"minecraft:crafting_table":7,"minecraft:feather":19,"minecraft:chicken":20,"minecraft:andesite":4,"minecraft:glow_ink_sac":19,"minecraft:salmon":24,"minecraft:brown_wool":1,"minecraft:leather":15,"minecraft:dark_oak_boat":1,"minecraft:enchanted_book":1,"minecraft:oak_log":2,"minecraft:gunpowder":21,"minecraft:dirt":19,"minecraft:string":7,"minecraft:name_tag":5,"minecraft:bone":31,"minecraft:activator_rail":2,"minecraft:wheat_seeds":4,"minecraft:cobbled_deepslate":5,"minecraft:detector_rail":4,"minecraft:iron_ingot":6,"minecraft:beef":25,"minecraft:light_gray_wool":2,"minecraft:powered_rail":1,"minecraft:sugar_cane":15,"minecraft:furnace":1,"minecraft:raw_iron":24,"minecraft:sandstone":1,"minecraft:torch":58,"minecraft:porkchop":30,"minecraft:ink_sac":6,"minecraft:diorite":5,"minecraft:dark_oak_log":76,"minecraft:arrow":29,"minecraft:rotten_flesh":49,"minecraft:gray_wool":2,"minecraft:bread":5,"minecraft:gold_ingot":3,"minecraft:oak_sapling":2,"minecraft:glow_berries":10,"minecraft:black_wool":2,"minecraft:mutton":14,"minecraft:cod":4,"minecraft:coal":75,"minecraft:white_wool":22,"minecraft:rail":39,"minecraft:cobblestone":45},"minecraft:custom":{"minecraft:interact_with_furnace":6,"minecraft:mob_kills":19,"minecraft:interact_with_crafting_table":15,"minecraft:leave_game":5,"minecraft:time_since_death":29000,"minecraft:time_since_rest":29030,"minecraft:sprint_one_cm":96032,"minecraft:damage_taken":1279,"minecraft:walk_one_cm":49981,"minecraft:damage_blocked_by_shield":270,"minecraft:drop":2,"minecraft:damage_dealt":2651,"minecraft:swim_one_cm":19332,"minecraft:player_kills":2,"minecraft:fly_one_cm":116155,"minecraft:open_chest":1,"minecraft:crouch_one_cm":2139,"minecraft:play_time":31481,"minecraft:deaths":3,"minecraft:sneak_time":1281,"minecraft:walk_under_water_one_cm":1079,"minecraft:boat_one_cm":17409,"minecraft:jump":693,"minecraft:walk_on_water_one_cm":12332,"minecraft:total_world_time":31481,"minecraft:fall_one_cm":15244},"minecraft:killed":{"minecraft:pig":4,"minecraft:sheep":7,"minecraft:zombie":2,"minecraft:cow":4},"minecraft:crafted":{"minecraft:oak_planks":8,"minecraft:dark_oak_boat":1,"minecraft:crafting_table":3,"minecraft:wooden_pickaxe":1,"minecraft:furnace":1,"minecraft:stone_axe":2,"minecraft:air":0,"minecraft:iron_chestplate":1,"minecraft:wooden_hoe":1,"minecraft:shield":1,"minecraft:stick":24,"minecraft:iron_ingot":3,"minecraft:iron_pickaxe":1,"minecraft:stone_pickaxe":1,"minecraft:wooden_axe":1,"minecraft:dark_oak_planks":48,"minecraft:torch":40},"minecraft:mined":{"minecraft:spruce_planks":1,"minecraft:dark_oak_leaves":1,"minecraft:jungle_slab":2,"minecraft:dark_oak_log":77,"minecraft:crafting_table":7,"minecraft:grass_block":4,"minecraft:tall_grass":5,"minecraft:sugar_cane":7,"minecraft:diorite":4,"minecraft:sandstone":1,"minecraft:wall_torch":4,"minecraft:spruce_stairs":1,"minecraft:furnace":1,"minecraft:iron_ore":20,"minecraft:andesite":4,"minecraft:grass":37,"minecraft:oak_log":2,"minecraft:coal_ore":44,"minecraft:deepslate_iron_ore":2,"minecraft:dirt":5,"minecraft:sand":2,"minecraft:stone":37,"minecraft:deepslate":8,"minecraft:oak_leaves":14},"minecraft:used":{"minecraft:diorite":4,"minecraft:stone_pickaxe":51,"minecraft:wooden_pickaxe":6,"minecraft:shield":3,"minecraft:sandstone":1,"minecraft:iron_chestplate":1,"minecraft:white_wool":1,"minecraft:torch":25,"minecraft:glow_berries":6,"minecraft:dirt":1,"minecraft:crafting_table":9,"minecraft:wooden_axe":9,"minecraft:wooden_hoe":17,"minecraft:bread":13,"minecraft:iron_pickaxe":66,"minecraft:stone_axe":113,"minecraft:light_gray_wool":1,"minecraft:cobblestone":10,"minecraft:dark_oak_boat":1,"minecraft:furnace":1,"minecraft:andesite":4},"minecraft:dropped":{"minecraft:raw_iron":3,"minecraft:rotten_flesh":2},"minecraft:killed_by":{"minecraft:player":1,"minecraft:skeleton":1}},"DataVersion":3465}