{"stats":{"minecraft:dropped":{"minecraft:iron_ingot":2,"minecraft:birch_planks":1,"minecraft:wheat_seeds":2,"minecraft:cooked_porkchop":1,"minecraft:cobblestone":18,"minecraft:gray_wool":1,"minecraft:wooden_axe":1,"minecraft:wooden_sword":1,"minecraft:iron_axe":1,"minecraft:bone":2,"minecraft:stone_axe":1,"minecraft:cooked_chicken":1,"minecraft:cobbled_deepslate":1,"minecraft:tuff":8,"minecraft:birch_sapling":4,"minecraft:rotten_flesh":41,"minecraft:shears":1,"minecraft:chest":1,"minecraft:wooden_pickaxe":3,"minecraft:stone_pickaxe":5},"minecraft:picked_up":{"minecraft:wooden_axe":1,"minecraft:crafting_table":9,"minecraft:chicken":5,"minecraft:wooden_pickaxe":2,"minecraft:shield":1,"minecraft:iron_axe":2,"minecraft:diamond_leggings":1,"minecraft:cobbled_deepslate":272,"minecraft:beef":27,"minecraft:iron_pickaxe":1,"minecraft:sugar_cane":14,"minecraft:chest":4,"minecraft:birch_sapling":10,"minecraft:egg":2,"minecraft:furnace":6,"minecraft:stick":6,"minecraft:raw_iron":118,"minecraft:torch":18,"minecraft:porkchop":48,"minecraft:diorite":13,"minecraft:dark_oak_planks":110,"minecraft:stone_sword":1,"minecraft:arrow":14,"minecraft:diamond_chestplate":1,"minecraft:rotten_flesh":11,"minecraft:diamond_boots":1,"minecraft:mutton":50,"minecraft:white_wool":23,"minecraft:cobblestone":537,"minecraft:birch_log":198,"minecraft:feather":4,"minecraft:andesite":21,"minecraft:leather":16,"minecraft:birch_planks":1,"minecraft:tuff":38,"minecraft:lapis_lazuli":62,"minecraft:dirt":52,"minecraft:bone":7,"minecraft:wheat_seeds":9,"minecraft:raw_gold":26,"minecraft:bell":1,"minecraft:stone_pickaxe":4,"minecraft:iron_ingot":11,"minecraft:diamond_helmet":1,"minecraft:moss_block":7,"minecraft:oak_planks":3,"minecraft:cooked_porkchop":1,"minecraft:white_bed":1,"minecraft:dark_oak_log":33,"minecraft:diamond":65,"minecraft:stone_axe":1,"minecraft:granite":13,"minecraft:bone_meal":15,"minecraft:gray_wool":74,"minecraft:bread":57,"minecraft:black_wool":2,"minecraft:coal":393,"minecraft:diamond_pickaxe":1},"minecraft:mined":{"minecraft:tuff":4,"minecraft:deepslate_diamond_ore":49,"minecraft:dark_oak_log":34,"minecraft:glow_lichen":1,"minecraft:cave_vines_plant":2,"minecraft:granite":14,"minecraft:grass_block":15,"minecraft:blue_wool":4,"minecraft:kelp":1,"minecraft:moss_block":8,"minecraft:furnace":6,"minecraft:iron_ore":86,"minecraft:andesite":21,"minecraft:stone":333,"minecraft:kelp_plant":1,"minecraft:crafting_table":9,"minecraft:torch":5,"minecraft:calcite":6,"minecraft:chest":1,"minecraft:tall_grass":3,"minecraft:cobblestone":12,"minecraft:lapis_ore":5,"minecraft:deepslate_gold_ore":13,"minecraft:sugar_cane":7,"minecraft:oak_planks":3,"minecraft:sculk":11,"minecraft:diorite":13,"minecraft:wall_torch":3,"minecraft:amethyst_block":10,"minecraft:gray_wool":73,"minecraft:birch_log":102,"minecraft:birch_leaves":8,"minecraft:grass":56,"minecraft:black_wool":1,"minecraft:coal_ore":112,"minecraft:dirt":18,"minecraft:smooth_basalt":2,"minecraft:small_dripleaf":1,"minecraft:deepslate":191},"minecraft:killed_by":{"minecraft:warden":1,"minecraft:skeleton":2},"minecraft:killed":{"minecraft:spider":1,"minecraft:skeleton":5,"minecraft:chicken":5,"minecraft:pig":24,"minecraft:creeper":1,"minecraft:sheep":17,"minecraft:zombie":12,"minecraft:cow":11},"minecraft:custom":{"minecraft:mob_kills":77,"minecraft:interact_with_crafting_table":30,"minecraft:bell_ring":9,"minecraft:leave_game":19,"minecraft:time_since_death":55433,"minecraft:climb_one_cm":868,"minecraft:sprint_one_cm":412531,"minecraft:walk_one_cm":173142,"minecraft:damage_blocked_by_shield":2430,"minecraft:drop":47,"minecraft:play_time":156467,"minecraft:deaths":4,"minecraft:sneak_time":20661,"minecraft:walk_under_water_one_cm":7728,"minecraft:boat_one_cm":72026,"minecraft:jump":2259,"minecraft:walk_on_water_one_cm":9826,"minecraft:total_world_time":156467,"minecraft:interact_with_furnace":58,"minecraft:sleep_in_bed":1,"minecraft:time_since_rest":55501,"minecraft:damage_taken":3288,"minecraft:damage_dealt":9664,"minecraft:swim_one_cm":21967,"minecraft:fly_one_cm":313185,"minecraft:player_kills":1,"minecraft:open_chest":15,"minecraft:crouch_one_cm":56797,"minecraft:fall_one_cm":58381},"minecraft:used":{"minecraft:stone_sword":41,"minecraft:chest":3,"minecraft:shield":61,"minecraft:sculk":6,"minecraft:bell":1,"minecraft:rotten_flesh":2,"minecraft:iron_chestplate":1,"minecraft:torch":42,"minecraft:dirt":29,"minecraft:tuff":15,"minecraft:granite":7,"minecraft:wooden_axe":2,"minecraft:iron_axe":127,"minecraft:furnace":7,"minecraft:egg":2,"minecraft:cooked_beef":1,"minecraft:cobbled_deepslate":143,"minecraft:cooked_mutton":8,"minecraft:diorite":6,"minecraft:birch_planks":3,"minecraft:stone_pickaxe":263,"minecraft:oak_planks":3,"minecraft:wooden_pickaxe":23,"minecraft:crafting_table":12,"minecraft:white_bed":2,"minecraft:shears":77,"minecraft:diamond_pickaxe":167,"minecraft:black_wool":1,"minecraft:chicken":1,"minecraft:bread":19,"minecraft:iron_pickaxe":457,"minecraft:stone_axe":172,"minecraft:wooden_sword":11,"minecraft:cobblestone":310,"minecraft:cooked_porkchop":6,"minecraft:andesite":7,"minecraft:gray_wool":71},"minecraft:broken":{"minecraft:iron_pickaxe":1},"minecraft:crafted":{"minecraft:wooden_sword":1,"minecraft:cooked_chicken":2,"minecraft:furnace":2,"minecraft:bone_meal":15,"minecraft:cooked_mutton":8,"minecraft:diamond_helmet":1,"minecraft:diamond_leggings":1,"minecraft:iron_boots":1,"minecraft:iron_axe":1,"minecraft:stone_pickaxe":2,"minecraft:chest":1,"minecraft:diamond_boots":1,"minecraft:dark_oak_planks":132,"minecraft:cooked_beef":1,"minecraft:cooked_porkchop":10,"minecraft:crafting_table":6,"minecraft:wooden_pickaxe":1,"minecraft:iron_helmet":1,"minecraft:birch_planks":48,"minecraft:stone_axe":2,"minecraft:air":0,"minecraft:iron_chestplate":2,"minecraft:diamond_pickaxe":1,"minecraft:shield":2,"minecraft:stick":44,"minecraft:iron_ingot":59,"minecraft:iron_pickaxe":3,"minecraft:stone_sword":1,"minecraft:iron_leggings":1,"minecraft:white_bed":1,"minecraft:torch":104,"minecraft:shears":2,"minecraft:diamond_chestplate":1}},"DataVersion":3465}