{"stats":{"minecraft:broken":{"minecraft:stone_axe":2},"minecraft:picked_up":{"minecraft:crafting_table":7,"minecraft:feather":19,"minecraft:chicken":20,"minecraft:andesite":4,"minecraft:glow_ink_sac":19,"minecraft:salmon":24,"minecraft:brown_wool":1,"minecraft:leather":15,"minecraft:dark_oak_boat":2,"minecraft:gold_block":1,"minecraft:enchanted_book":1,"minecraft:flint":1,"minecraft:oak_log":2,"minecraft:gunpowder":21,"minecraft:lapis_lazuli":33,"minecraft:string":7,"minecraft:dirt":25,"minecraft:name_tag":5,"minecraft:bone":32,"minecraft:apple":1,"minecraft:activator_rail":2,"minecraft:wheat_seeds":13,"minecraft:cobbled_deepslate":38,"minecraft:detector_rail":4,"minecraft:raw_gold":21,"minecraft:iron_ingot":6,"minecraft:beef":25,"minecraft:light_gray_wool":2,"minecraft:spruce_slab":1,"minecraft:powered_rail":1,"minecraft:sugar_cane":30,"minecraft:furnace":2,"minecraft:raw_iron":72,"minecraft:sandstone":1,"minecraft:gravel":1,"minecraft:torch":77,"minecraft:porkchop":30,"minecraft:sand":21,"minecraft:ink_sac":6,"minecraft:diorite":5,"minecraft:dark_oak_log":126,"minecraft:arrow":30,"minecraft:rotten_flesh":52,"minecraft:diamond":17,"minecraft:jungle_stairs":1,"minecraft:obsidian":4,"minecraft:netherrack":1,"minecraft:gray_wool":2,"minecraft:gold_ingot":3,"minecraft:bread":14,"minecraft:oak_sapling":2,"minecraft:rail":39,"minecraft:black_wool":2,"minecraft:glow_berries":10,"minecraft:mutton":14,"minecraft:coal":109,"minecraft:cod":4,"minecraft:white_wool":22,"minecraft:cobblestone":67},"minecraft:custom":{"minecraft:interact_with_furnace":9,"minecraft:mob_kills":34,"minecraft:interact_with_crafting_table":20,"minecraft:leave_game":10,"minecraft:time_since_death":12611,"minecraft:time_since_rest":12638,"minecraft:sprint_one_cm":212685,"minecraft:damage_taken":2671,"minecraft:walk_one_cm":110088,"minecraft:damage_blocked_by_shield":1650,"minecraft:drop":25,"minecraft:damage_dealt":6156,"minecraft:swim_one_cm":30909,"minecraft:player_kills":2,"minecraft:fly_one_cm":278708,"minecraft:open_chest":5,"minecraft:crouch_one_cm":5215,"minecraft:play_time":63997,"minecraft:sneak_time":3023,"minecraft:deaths":6,"minecraft:walk_under_water_one_cm":3098,"minecraft:boat_one_cm":138118,"minecraft:jump":1772,"minecraft:walk_on_water_one_cm":17304,"minecraft:fall_one_cm":35323,"minecraft:total_world_time":63997},"minecraft:killed":{"minecraft:pig":4,"minecraft:zombie_villager":1,"minecraft:spider":1,"minecraft:creeper":2,"minecraft:sheep":7,"minecraft:skeleton":1,"minecraft:zombie":11,"minecraft:cow":4},"minecraft:crafted":{"minecraft:oak_planks":8,"minecraft:dark_oak_boat":1,"minecraft:crafting_table":5,"minecraft:wooden_pickaxe":1,"minecraft:furnace":2,"minecraft:stone_axe":2,"minecraft:air":0,"minecraft:flint_and_steel":1,"minecraft:iron_chestplate":1,"minecraft:wooden_hoe":1,"minecraft:diamond_pickaxe":1,"minecraft:shield":1,"minecraft:stick":52,"minecraft:iron_ingot":4,"minecraft:iron_pickaxe":1,"minecraft:stone_pickaxe":1,"minecraft:wooden_axe":1,"minecraft:gold_ingot":9,"minecraft:dark_oak_planks":76,"minecraft:torch":136,"minecraft:diamond_chestplate":1},"minecraft:mined":{"minecraft:deepslate_redstone_ore":4,"minecraft:spruce_planks":1,"minecraft:dark_oak_leaves":1,"minecraft:deepslate_diamond_ore":1,"minecraft:jungle_slab":2,"minecraft:dark_oak_log":79,"minecraft:obsidian":4,"minecraft:crafting_table":7,"minecraft:torch":4,"minecraft:jungle_stairs":1,"minecraft:grass_block":9,"minecraft:tall_grass":12,"minecraft:cobblestone":5,"minecraft:deepslate_gold_ore":21,"minecraft:lapis_ore":4,"minecraft:sugar_cane":12,"minecraft:diorite":4,"minecraft:sandstone":1,"minecraft:wall_torch":10,"minecraft:spruce_stairs":1,"minecraft:furnace":2,"minecraft:iron_ore":20,"minecraft:cobbled_deepslate":7,"minecraft:andesite":4,"minecraft:gold_block":1,"minecraft:grass":94,"minecraft:coal_ore":58,"minecraft:oak_log":2,"minecraft:deepslate_iron_ore":7,"minecraft:gravel":2,"minecraft:sand":23,"minecraft:dirt":8,"minecraft:netherrack":1,"minecraft:stone":54,"minecraft:oak_leaves":14,"minecraft:deepslate":28,"minecraft:spruce_slab":1},"minecraft:used":{"minecraft:diorite":4,"minecraft:stone_pickaxe":51,"minecraft:wooden_pickaxe":6,"minecraft:shield":27,"minecraft:sandstone":1,"minecraft:iron_chestplate":1,"minecraft:white_wool":1,"minecraft:torch":66,"minecraft:glow_berries":6,"minecraft:dirt":5,"minecraft:sand":20,"minecraft:crafting_table":11,"minecraft:obsidian":4,"minecraft:wooden_axe":9,"minecraft:wooden_hoe":17,"minecraft:diamond_pickaxe":66,"minecraft:bread":29,"minecraft:iron_pickaxe":144,"minecraft:gravel":2,"minecraft:golden_leggings":1,"minecraft:stone_axe":172,"minecraft:light_gray_wool":1,"minecraft:cobblestone":21,"minecraft:dark_oak_boat":1,"minecraft:furnace":2,"minecraft:andesite":4,"minecraft:cobbled_deepslate":28},"minecraft:killed_by":{"minecraft:player":1,"minecraft:skeleton":4},"minecraft:dropped":{"minecraft:wheat_seeds":10,"minecraft:diamond":3,"minecraft:raw_iron":3,"minecraft:rotten_flesh":3,"minecraft:wooden_hoe":1,"minecraft:torch":9,"minecraft:jungle_stairs":1,"minecraft:oak_sapling":2,"minecraft:spruce_slab":1,"minecraft:sand":1}},"DataVersion":3465}