{"stats":{"minecraft:dropped":{"minecraft:wheat_seeds":1,"minecraft:wooden_axe":1,"minecraft:wooden_sword":1,"minecraft:wooden_pickaxe":1},"minecraft:picked_up":{"minecraft:wooden_axe":1,"minecraft:birch_log":68,"minecraft:stick":2,"minecraft:crafting_table":2,"minecraft:chicken":1,"minecraft:wooden_pickaxe":1,"minecraft:dirt":5,"minecraft:wheat_seeds":2,"minecraft:birch_sapling":1,"minecraft:mutton":7,"minecraft:white_wool":4,"minecraft:cobblestone":56},"minecraft:mined":{"minecraft:birch_log":66,"minecraft:birch_leaves":3,"minecraft:crafting_table":2,"minecraft:grass":8,"minecraft:grass_block":4,"minecraft:dirt":1,"minecraft:stone":56},"minecraft:killed":{"minecraft:sheep":4,"minecraft:chicken":1},"minecraft:custom":{"minecraft:time_since_rest":16820,"minecraft:sprint_one_cm":43340,"minecraft:damage_taken":100,"minecraft:walk_one_cm":23243,"minecraft:mob_kills":5,"minecraft:drop":4,"minecraft:damage_dealt":370,"minecraft:interact_with_crafting_table":2,"minecraft:fly_one_cm":30059,"minecraft:crouch_one_cm":147,"minecraft:play_time":16820,"minecraft:sneak_time":259,"minecraft:jump":198,"minecraft:leave_game":9,"minecraft:time_since_death":16820,"minecraft:total_world_time":16820,"minecraft:fall_one_cm":5150},"minecraft:used":{"minecraft:wooden_axe":2,"minecraft:stone_sword":2,"minecraft:chicken":1,"minecraft:stone_pickaxe":50,"minecraft:wooden_pickaxe":9,"minecraft:stone_axe":65,"minecraft:wooden_sword":11,"minecraft:dirt":5,"minecraft:crafting_table":2},"minecraft:crafted":{"minecraft:wooden_sword":1,"minecraft:crafting_table":1,"minecraft:stick":4,"minecraft:stone_pickaxe":1,"minecraft:stone_sword":1,"minecraft:birch_planks":16,"minecraft:stone_axe":1}},"DataVersion":3465}