{"stats":{"minecraft:picked_up":{"minecraft:crafting_table":5,"minecraft:feather":19,"minecraft:chicken":20,"minecraft:salmon":24,"minecraft:glow_ink_sac":19,"minecraft:andesite":4,"minecraft:leather":11,"minecraft:brown_wool":1,"minecraft:enchanted_book":1,"minecraft:oak_log":2,"minecraft:gunpowder":21,"minecraft:string":7,"minecraft:dirt":19,"minecraft:name_tag":5,"minecraft:bone":31,"minecraft:activator_rail":2,"minecraft:detector_rail":4,"minecraft:beef":16,"minecraft:iron_ingot":6,"minecraft:light_gray_wool":1,"minecraft:powered_rail":1,"minecraft:sugar_cane":6,"minecraft:furnace":1,"minecraft:raw_iron":9,"minecraft:torch":55,"minecraft:porkchop":21,"minecraft:ink_sac":6,"minecraft:diorite":4,"minecraft:dark_oak_log":76,"minecraft:arrow":29,"minecraft:rotten_flesh":49,"minecraft:gray_wool":2,"minecraft:bread":5,"minecraft:gold_ingot":3,"minecraft:oak_sapling":2,"minecraft:glow_berries":10,"minecraft:black_wool":2,"minecraft:mutton":2,"minecraft:coal":53,"minecraft:cod":4,"minecraft:rail":39,"minecraft:white_wool":16,"minecraft:cobblestone":36},"minecraft:custom":{"minecraft:interact_with_furnace":6,"minecraft:mob_kills":3,"minecraft:interact_with_crafting_table":12,"minecraft:leave_game":4,"minecraft:time_since_death":17075,"minecraft:time_since_rest":17105,"minecraft:sprint_one_cm":43456,"minecraft:damage_taken":1174,"minecraft:walk_one_cm":34653,"minecraft:damage_blocked_by_shield":270,"minecraft:damage_dealt":915,"minecraft:swim_one_cm":11631,"minecraft:fly_one_cm":40471,"minecraft:player_kills":2,"minecraft:crouch_one_cm":894,"minecraft:play_time":19556,"minecraft:deaths":3,"minecraft:sneak_time":778,"minecraft:walk_under_water_one_cm":374,"minecraft:jump":341,"minecraft:walk_on_water_one_cm":7990,"minecraft:total_world_time":19556,"minecraft:fall_one_cm":7525},"minecraft:killed":{"minecraft:zombie":1},"minecraft:crafted":{"minecraft:oak_planks":8,"minecraft:crafting_table":3,"minecraft:wooden_pickaxe":1,"minecraft:furnace":1,"minecraft:stone_axe":1,"minecraft:air":0,"minecraft:wooden_hoe":1,"minecraft:shield":1,"minecraft:stick":16,"minecraft:iron_ingot":3,"minecraft:iron_pickaxe":1,"minecraft:stone_pickaxe":1,"minecraft:wooden_axe":1,"minecraft:dark_oak_planks":48,"minecraft:torch":8},"minecraft:mined":{"minecraft:dark_oak_leaves":1,"minecraft:dark_oak_log":77,"minecraft:crafting_table":5,"minecraft:grass_block":4,"minecraft:sugar_cane":3,"minecraft:diorite":3,"minecraft:wall_torch":3,"minecraft:furnace":1,"minecraft:iron_ore":7,"minecraft:andesite":4,"minecraft:oak_log":2,"minecraft:coal_ore":21,"minecraft:dirt":5,"minecraft:stone":28,"minecraft:oak_leaves":13},"minecraft:used":{"minecraft:diorite":4,"minecraft:stone_pickaxe":51,"minecraft:shield":3,"minecraft:wooden_pickaxe":6,"minecraft:white_wool":1,"minecraft:torch":10,"minecraft:glow_berries":6,"minecraft:dirt":1,"minecraft:crafting_table":6,"minecraft:wooden_axe":9,"minecraft:wooden_hoe":17,"minecraft:bread":9,"minecraft:iron_pickaxe":8,"minecraft:stone_axe":76,"minecraft:furnace":1,"minecraft:andesite":4},"minecraft:killed_by":{"minecraft:player":1,"minecraft:skeleton":1}},"DataVersion":3465}