{"stats":{"minecraft:picked_up":{"minecraft:crafting_table":4,"minecraft:feather":19,"minecraft:chicken":20,"minecraft:glow_ink_sac":19,"minecraft:salmon":24,"minecraft:leather":11,"minecraft:enchanted_book":1,"minecraft:oak_log":7,"minecraft:gunpowder":16,"minecraft:string":5,"minecraft:dirt":2,"minecraft:name_tag":4,"minecraft:bone":22,"minecraft:activator_rail":1,"minecraft:detector_rail":4,"minecraft:spruce_planks":1,"minecraft:beef":13,"minecraft:iron_ingot":5,"minecraft:light_gray_wool":1,"minecraft:powered_rail":1,"minecraft:sugar_cane":31,"minecraft:oak_planks":3,"minecraft:raw_iron":5,"minecraft:torch":54,"minecraft:gravel":3,"minecraft:jungle_planks":1,"minecraft:porkchop":21,"minecraft:sand":8,"minecraft:ink_sac":6,"minecraft:redstone":9,"minecraft:dark_oak_log":6,"minecraft:arrow":23,"minecraft:rotten_flesh":48,"minecraft:beetroot_seeds":8,"minecraft:bone_meal":2,"minecraft:gray_wool":2,"minecraft:bread":5,"minecraft:gold_ingot":3,"minecraft:melon_seeds":4,"minecraft:black_wool":2,"minecraft:glow_berries":10,"minecraft:mutton":37,"minecraft:coal":46,"minecraft:cod":3,"minecraft:rail":39,"minecraft:white_wool":21,"minecraft:cobblestone":29},"minecraft:custom":{"minecraft:interact_with_furnace":2,"minecraft:mob_kills":7,"minecraft:interact_with_crafting_table":8,"minecraft:leave_game":2,"minecraft:time_since_death":12241,"minecraft:time_since_rest":12276,"minecraft:sprint_one_cm":108274,"minecraft:damage_taken":1022,"minecraft:walk_one_cm":24394,"minecraft:drop":10,"minecraft:damage_dealt":1308,"minecraft:swim_one_cm":18859,"minecraft:fly_one_cm":179954,"minecraft:crouch_one_cm":2207,"minecraft:play_time":32639,"minecraft:deaths":3,"minecraft:sneak_time":1802,"minecraft:walk_under_water_one_cm":1279,"minecraft:jump":861,"minecraft:walk_on_water_one_cm":3428,"minecraft:total_world_time":32639,"minecraft:fall_one_cm":22122},"minecraft:killed":{"minecraft:sheep":4,"minecraft:zombie":3},"minecraft:crafted":{"minecraft:oak_planks":24,"minecraft:crafting_table":1,"minecraft:wooden_pickaxe":2,"minecraft:furnace":1,"minecraft:stone_axe":1,"minecraft:stick":20,"minecraft:stone_pickaxe":2,"minecraft:dark_oak_planks":24,"minecraft:torch":12},"minecraft:mined":{"minecraft:spruce_planks":1,"minecraft:dark_oak_leaves":3,"minecraft:dark_oak_log":6,"minecraft:crafting_table":4,"minecraft:torch":1,"minecraft:grass_block":1,"minecraft:jungle_planks":1,"minecraft:sugar_cane":11,"minecraft:oak_planks":3,"minecraft:wall_torch":1,"minecraft:iron_ore":5,"minecraft:birch_leaves":4,"minecraft:oak_log":7,"minecraft:coal_ore":34,"minecraft:sand":11,"minecraft:stone":29,"minecraft:oak_leaves":7,"minecraft:white_wool":1},"minecraft:used":{"minecraft:stone_pickaxe":71,"minecraft:oak_planks":3,"minecraft:wooden_pickaxe":31,"minecraft:white_wool":1,"minecraft:torch":3,"minecraft:dirt":1,"minecraft:crafting_table":4,"minecraft:oak_wood":2,"minecraft:oak_log":1,"minecraft:bread":13,"minecraft:stone_axe":3,"minecraft:furnace":1},"minecraft:dropped":{"minecraft:bone_meal":1,"minecraft:sand":8,"minecraft:white_wool":1},"minecraft:killed_by":{"minecraft:player":1,"minecraft:skeleton":1}},"DataVersion":3465}