{"stats":{"minecraft:picked_up":{"minecraft:iron_chestplate":1,"minecraft:crafting_table":10,"minecraft:feather":19,"minecraft:chicken":20,"minecraft:glow_ink_sac":23,"minecraft:salmon":24,"minecraft:leather":11,"minecraft:enchanted_book":1,"minecraft:tuff":3,"minecraft:oak_log":24,"minecraft:gunpowder":17,"minecraft:amethyst_block":9,"minecraft:lapis_lazuli":59,"minecraft:string":5,"minecraft:dirt":9,"minecraft:name_tag":4,"minecraft:bone":30,"minecraft:activator_rail":1,"minecraft:bow":1,"minecraft:cobbled_deepslate":43,"minecraft:detector_rail":4,"minecraft:spruce_planks":1,"minecraft:beef":13,"minecraft:iron_ingot":5,"minecraft:calcite":7,"minecraft:light_gray_wool":1,"minecraft:glowstone_dust":2,"minecraft:powered_rail":1,"minecraft:sugar_cane":44,"minecraft:oak_planks":8,"minecraft:furnace":4,"minecraft:stick":16,"minecraft:raw_iron":79,"minecraft:smooth_basalt":5,"minecraft:torch":62,"minecraft:gravel":3,"minecraft:jungle_planks":1,"minecraft:porkchop":21,"minecraft:sand":8,"minecraft:pointed_dripstone":3,"minecraft:spruce_sapling":1,"minecraft:ink_sac":6,"minecraft:white_bed":1,"minecraft:spruce_log":6,"minecraft:redstone":9,"minecraft:dark_oak_log":6,"minecraft:dark_oak_planks":1,"minecraft:arrow":25,"minecraft:rotten_flesh":55,"minecraft:diamond":11,"minecraft:beetroot_seeds":8,"minecraft:granite":9,"minecraft:bone_meal":2,"minecraft:emerald":1,"minecraft:gray_wool":2,"minecraft:bread":5,"minecraft:gold_ingot":3,"minecraft:oak_sapling":6,"minecraft:melon_seeds":4,"minecraft:black_wool":2,"minecraft:glow_berries":10,"minecraft:mutton":37,"minecraft:coal":162,"minecraft:cod":3,"minecraft:rail":39,"minecraft:white_wool":21,"minecraft:cobblestone":81},"minecraft:custom":{"minecraft:interact_with_furnace":21,"minecraft:mob_kills":23,"minecraft:interact_with_crafting_table":15,"minecraft:leave_game":2,"minecraft:time_since_death":48241,"minecraft:sleep_in_bed":1,"minecraft:time_since_rest":31141,"minecraft:sprint_one_cm":240913,"minecraft:damage_taken":1520,"minecraft:walk_one_cm":59635,"minecraft:damage_blocked_by_shield":2700,"minecraft:drop":19,"minecraft:damage_dealt":4356,"minecraft:swim_one_cm":26739,"minecraft:fly_one_cm":294740,"minecraft:crouch_one_cm":5669,"minecraft:play_time":68639,"minecraft:deaths":3,"minecraft:sneak_time":3493,"minecraft:walk_under_water_one_cm":1882,"minecraft:jump":1764,"minecraft:walk_on_water_one_cm":10357,"minecraft:total_world_time":68639,"minecraft:fall_one_cm":41488},"minecraft:killed":{"minecraft:witch":1,"minecraft:skeleton":7,"minecraft:sheep":4,"minecraft:zombie":10},"minecraft:crafted":{"minecraft:oak_planks":48,"minecraft:crafting_table":1,"minecraft:iron_helmet":1,"minecraft:wooden_pickaxe":2,"minecraft:furnace":1,"minecraft:stone_axe":2,"minecraft:air":0,"minecraft:iron_boots":1,"minecraft:shield":1,"minecraft:stick":24,"minecraft:iron_ingot":50,"minecraft:iron_pickaxe":1,"minecraft:stone_pickaxe":2,"minecraft:iron_leggings":1,"minecraft:white_bed":1,"minecraft:dark_oak_planks":24,"minecraft:torch":76},"minecraft:mined":{"minecraft:dark_oak_planks":1,"minecraft:diamond_ore":2,"minecraft:tuff":3,"minecraft:spruce_planks":1,"minecraft:white_bed":1,"minecraft:dark_oak_leaves":3,"minecraft:deepslate_diamond_ore":9,"minecraft:dark_oak_log":6,"minecraft:crafting_table":10,"minecraft:torch":4,"minecraft:granite":9,"minecraft:emerald_ore":1,"minecraft:grass_block":4,"minecraft:calcite":7,"minecraft:jungle_planks":1,"minecraft:cobblestone":6,"minecraft:spruce_leaves":1,"minecraft:lapis_ore":10,"minecraft:sugar_cane":17,"minecraft:oak_planks":8,"minecraft:wall_torch":6,"minecraft:amethyst_block":9,"minecraft:furnace":4,"minecraft:cobbled_deepslate":2,"minecraft:iron_ore":47,"minecraft:spruce_log":6,"minecraft:birch_leaves":4,"minecraft:pointed_dripstone":2,"minecraft:deepslate_iron_ore":21,"minecraft:oak_log":24,"minecraft:coal_ore":51,"minecraft:gravel":1,"minecraft:sand":11,"minecraft:dirt":4,"minecraft:smooth_basalt":6,"minecraft:stone":75,"minecraft:deepslate":36,"minecraft:oak_leaves":8,"minecraft:white_wool":1},"minecraft:used":{"minecraft:calcite":7,"minecraft:amethyst_block":9,"minecraft:stone_pickaxe":89,"minecraft:oak_planks":8,"minecraft:shield":30,"minecraft:wooden_pickaxe":31,"minecraft:white_wool":1,"minecraft:torch":55,"minecraft:dirt":3,"minecraft:crafting_table":8,"minecraft:white_bed":1,"minecraft:oak_wood":2,"minecraft:tuff":2,"minecraft:granite":9,"minecraft:oak_log":1,"minecraft:dark_oak_planks":1,"minecraft:iron_pickaxe":219,"minecraft:bread":29,"minecraft:smooth_basalt":5,"minecraft:stone_axe":92,"minecraft:cobblestone":52,"minecraft:furnace":3,"minecraft:cobbled_deepslate":42},"minecraft:killed_by":{"minecraft:player":1,"minecraft:skeleton":1},"minecraft:dropped":{"minecraft:bread":8,"minecraft:diamond":1,"minecraft:bone_meal":1,"minecraft:sand":8,"minecraft:white_wool":1}},"DataVersion":3465}