{"stats":{"minecraft:dropped":{"minecraft:wooden_axe":2,"minecraft:wooden_sword":1,"minecraft:wooden_pickaxe":3,"minecraft:white_bed":1},"minecraft:picked_up":{"minecraft:wooden_axe":2,"minecraft:birch_log":15,"minecraft:stick":4,"minecraft:crafting_table":1,"minecraft:wooden_pickaxe":2,"minecraft:birch_planks":1,"minecraft:white_bed":1,"minecraft:wooden_sword":1,"minecraft:birch_sapling":4,"minecraft:coal":17,"minecraft:cobblestone":8},"minecraft:mined":{"minecraft:birch_planks":1,"minecraft:birch_log":15,"minecraft:birch_leaves":11,"minecraft:crafting_table":1,"minecraft:grass":2,"minecraft:grass_block":1,"minecraft:coal_ore":21,"minecraft:stone":8},"minecraft:custom":{"minecraft:time_since_rest":4768,"minecraft:sprint_one_cm":15672,"minecraft:interact_with_furnace":1,"minecraft:damage_taken":50,"minecraft:walk_one_cm":12778,"minecraft:drop":7,"minecraft:interact_with_crafting_table":4,"minecraft:fly_one_cm":26980,"minecraft:crouch_one_cm":879,"minecraft:play_time":16902,"minecraft:deaths":1,"minecraft:sneak_time":631,"minecraft:jump":151,"minecraft:leave_game":1,"minecraft:time_since_death":4744,"minecraft:sleep_in_bed":1,"minecraft:total_world_time":16902,"minecraft:fall_one_cm":3721},"minecraft:used":{"minecraft:birch_planks":1,"minecraft:stone_pickaxe":23,"minecraft:birch_sapling":1,"minecraft:wooden_pickaxe":6,"minecraft:stone_axe":1,"minecraft:crafting_table":1,"minecraft:white_bed":1},"minecraft:crafted":{"minecraft:crafting_table":1,"minecraft:stick":4,"minecraft:wooden_pickaxe":2,"minecraft:stone_pickaxe":1,"minecraft:birch_planks":60,"minecraft:stone_axe":1}},"DataVersion":3465}