{"stats":{"minecraft:broken":{"minecraft:stone_axe":1,"minecraft:bow":1},"minecraft:picked_up":{"minecraft:crafting_table":11,"minecraft:iron_chestplate":1,"minecraft:wheat":22,"minecraft:azure_bluet":1,"minecraft:chicken":22,"minecraft:enchanted_book":1,"minecraft:shield":1,"minecraft:amethyst_block":9,"minecraft:cornflower":1,"minecraft:string":7,"minecraft:flint_and_steel":1,"minecraft:activator_rail":1,"minecraft:gold_nugget":114,"minecraft:detector_rail":4,"minecraft:cobbled_deepslate":43,"minecraft:spruce_planks":1,"minecraft:beef":26,"minecraft:oak_boat":2,"minecraft:calcite":7,"minecraft:light_gray_wool":1,"minecraft:lectern":7,"minecraft:sugar_cane":120,"minecraft:chest":2,"minecraft:furnace":4,"minecraft:raw_iron":79,"minecraft:stick":16,"minecraft:composter":8,"minecraft:torch":63,"minecraft:porkchop":21,"minecraft:pointed_dripstone":3,"minecraft:carrot":116,"minecraft:redstone":9,"minecraft:dark_oak_planks":2,"minecraft:arrow":38,"minecraft:rotten_flesh":77,"minecraft:beetroot_seeds":8,"minecraft:hay_block":15,"minecraft:gold_ingot":3,"minecraft:glow_berries":10,"minecraft:mutton":37,"minecraft:cod":3,"minecraft:white_wool":21,"minecraft:rail":39,"minecraft:cobblestone":81,"minecraft:oxeye_daisy":4,"minecraft:magma_block":1,"minecraft:feather":19,"minecraft:basalt":2,"minecraft:glow_ink_sac":23,"minecraft:salmon":24,"minecraft:golden_leggings":1,"minecraft:leather":33,"minecraft:dark_oak_boat":3,"minecraft:potato":98,"minecraft:flint":2,"minecraft:tuff":3,"minecraft:oak_log":24,"minecraft:gunpowder":17,"minecraft:lapis_lazuli":137,"minecraft:dirt":92,"minecraft:name_tag":4,"minecraft:bone":44,"minecraft:apple":1,"minecraft:bow":1,"minecraft:wheat_seeds":57,"minecraft:iron_ingot":46,"minecraft:glowstone_dust":2,"minecraft:powered_rail":1,"minecraft:stone_hoe":1,"minecraft:oak_planks":76,"minecraft:smooth_basalt":5,"minecraft:cooked_porkchop":7,"minecraft:dandelion":9,"minecraft:poisonous_potato":2,"minecraft:gravel":20,"minecraft:sand":21,"minecraft:jungle_planks":1,"minecraft:spruce_sapling":1,"minecraft:ink_sac":6,"minecraft:white_bed":3,"minecraft:spruce_log":6,"minecraft:dark_oak_log":6,"minecraft:spider_eye":1,"minecraft:diamond":11,"minecraft:stone_axe":1,"minecraft:granite":9,"minecraft:bone_meal":3,"minecraft:gray_wool":2,"minecraft:bread":46,"minecraft:emerald":2,"minecraft:netherrack":10,"minecraft:oak_sapling":6,"minecraft:black_wool":2,"minecraft:melon_seeds":4,"minecraft:coal":188},"minecraft:custom":{"minecraft:mob_kills":50,"minecraft:interact_with_crafting_table":27,"minecraft:leave_game":2,"minecraft:time_since_death":108241,"minecraft:climb_one_cm":991,"minecraft:sprint_one_cm":540825,"minecraft:walk_one_cm":134451,"minecraft:damage_blocked_by_shield":3315,"minecraft:drop":63,"minecraft:talked_to_villager":9,"minecraft:play_time":128639,"minecraft:deaths":3,"minecraft:sneak_time":5439,"minecraft:walk_under_water_one_cm":4019,"minecraft:boat_one_cm":25305,"minecraft:jump":4091,"minecraft:walk_on_water_one_cm":17986,"minecraft:total_world_time":128639,"minecraft:interact_with_furnace":38,"minecraft:sleep_in_bed":4,"minecraft:time_since_rest":24487,"minecraft:damage_taken":2750,"minecraft:damage_dealt":8124,"minecraft:player_kills":6,"minecraft:swim_one_cm":40732,"minecraft:fly_one_cm":899141,"minecraft:open_chest":29,"minecraft:crouch_one_cm":10024,"minecraft:fall_one_cm":111360},"minecraft:killed":{"minecraft:witch":1,"minecraft:spider":4,"minecraft:skeleton":12,"minecraft:zombie_villager":2,"minecraft:sheep":4,"minecraft:zombie":17,"minecraft:cow":7},"minecraft:crafted":{"minecraft:oak_planks":48,"minecraft:dark_oak_boat":2,"minecraft:furnace":1,"minecraft:glass":45,"minecraft:iron_boots":1,"minecraft:iron_axe":1,"minecraft:stone_pickaxe":2,"minecraft:chest":2,"minecraft:dark_oak_planks":172,"minecraft:wheat":128,"minecraft:diamond_sword":1,"minecraft:diamond_axe":1,"minecraft:crafting_table":1,"minecraft:spruce_planks":24,"minecraft:wooden_pickaxe":2,"minecraft:iron_helmet":1,"minecraft:bucket":1,"minecraft:stone_axe":2,"minecraft:bread":45,"minecraft:air":0,"minecraft:oak_boat":1,"minecraft:shield":1,"minecraft:stick":36,"minecraft:iron_ingot":50,"minecraft:iron_pickaxe":1,"minecraft:iron_shovel":1,"minecraft:iron_leggings":1,"minecraft:white_bed":1,"minecraft:torch":76},"minecraft:mined":{"minecraft:dark_oak_planks":2,"minecraft:diamond_ore":2,"minecraft:tuff":3,"minecraft:spruce_planks":1,"minecraft:white_bed":3,"minecraft:dark_oak_leaves":3,"minecraft:deepslate_diamond_ore":9,"minecraft:dark_oak_log":6,"minecraft:granite":9,"minecraft:grass_block":63,"minecraft:jungle_planks":1,"minecraft:spruce_leaves":1,"minecraft:composter":8,"minecraft:oxeye_daisy":4,"minecraft:magma_block":1,"minecraft:furnace":4,"minecraft:iron_ore":47,"minecraft:cobbled_deepslate":2,"minecraft:azure_bluet":1,"minecraft:potatoes":27,"minecraft:pointed_dripstone":2,"minecraft:deepslate_iron_ore":21,"minecraft:stone":75,"minecraft:white_wool":1,"minecraft:dandelion":9,"minecraft:cornflower":1,"minecraft:crafting_table":11,"minecraft:torch":4,"minecraft:emerald_ore":1,"minecraft:calcite":7,"minecraft:lectern":7,"minecraft:tall_grass":10,"minecraft:cobblestone":6,"minecraft:lapis_ore":10,"minecraft:oak_planks":18,"minecraft:sugar_cane":22,"minecraft:wall_torch":6,"minecraft:amethyst_block":9,"minecraft:wheat":20,"minecraft:spruce_log":6,"minecraft:birch_leaves":7,"minecraft:grass":165,"minecraft:coal_ore":51,"minecraft:oak_log":24,"minecraft:gravel":19,"minecraft:sand":11,"minecraft:dirt":8,"minecraft:smooth_basalt":6,"minecraft:netherrack":13,"minecraft:oak_leaves":8,"minecraft:deepslate":36},"minecraft:used":{"minecraft:iron_shovel":64,"minecraft:spruce_planks":6,"minecraft:chest":2,"minecraft:shield":62,"minecraft:netherrack":8,"minecraft:torch":55,"minecraft:dirt":48,"minecraft:oak_wood":2,"minecraft:tuff":3,"minecraft:granite":9,"minecraft:glass":31,"minecraft:dark_oak_planks":17,"minecraft:iron_axe":70,"minecraft:smooth_basalt":5,"minecraft:bow":56,"minecraft:dark_oak_boat":2,"minecraft:furnace":6,"minecraft:potato":47,"minecraft:cobbled_deepslate":42,"minecraft:calcite":7,"minecraft:amethyst_block":9,"minecraft:stone_pickaxe":89,"minecraft:oak_planks":14,"minecraft:wooden_pickaxe":31,"minecraft:composter":6,"minecraft:diamond_axe":33,"minecraft:white_wool":1,"minecraft:crafting_table":11,"minecraft:white_bed":3,"minecraft:oak_log":1,"minecraft:bread":68,"minecraft:iron_pickaxe":234,"minecraft:lectern":3,"minecraft:gravel":16,"minecraft:stone_axe":99,"minecraft:diamond_sword":51,"minecraft:cobblestone":55,"minecraft:oak_boat":2,"minecraft:bone_meal":1},"minecraft:killed_by":{"minecraft:player":1,"minecraft:skeleton":1},"minecraft:dropped":{"minecraft:bread":17,"minecraft:wheat_seeds":54,"minecraft:diamond":1,"minecraft:oxeye_daisy":4,"minecraft:cornflower":1,"minecraft:bone_meal":1,"minecraft:sand":8,"minecraft:dark_oak_planks":1,"minecraft:string":2,"minecraft:white_wool":1,"minecraft:spruce_sapling":1,"minecraft:dandelion":9,"minecraft:rotten_flesh":10,"minecraft:glowstone_dust":2,"minecraft:azure_bluet":1,"minecraft:potato":4,"minecraft:gunpowder":1,"minecraft:oak_sapling":6,"minecraft:spider_eye":1,"minecraft:arrow":3,"minecraft:netherrack":2}},"DataVersion":3465}