{"stats":{"minecraft:dropped":{"minecraft:bread":4,"minecraft:poisonous_potato":1,"minecraft:cookie":128,"minecraft:rotten_flesh":1,"minecraft:lantern":1,"minecraft:white_bed":1,"minecraft:suspicious_stew":11,"minecraft:potato":704,"minecraft:dirt":64,"minecraft:mutton":2,"minecraft:wooden_axe":3,"minecraft:oak_sapling":1,"minecraft:pumpkin_pie":48,"minecraft:wooden_sword":1,"minecraft:wooden_pickaxe":4,"minecraft:bell":1,"minecraft:white_wool":1},"minecraft:picked_up":{"minecraft:wooden_axe":3,"minecraft:birch_log":37,"minecraft:crafting_table":9,"minecraft:andesite":3,"minecraft:leather":3,"minecraft:potato":13,"minecraft:wooden_pickaxe":3,"minecraft:birch_planks":26,"minecraft:flint":1,"minecraft:oak_log":17,"minecraft:yellow_bed":1,"minecraft:dirt":89,"minecraft:string":4,"minecraft:wooden_sword":1,"minecraft:bone":3,"minecraft:apple":2,"minecraft:wheat_seeds":8,"minecraft:cobbled_deepslate":29,"minecraft:light_weighted_pressure_plate":1,"minecraft:stone_pickaxe":2,"minecraft:chest":1,"minecraft:oak_planks":27,"minecraft:birch_sapling":4,"minecraft:furnace":3,"minecraft:stick":5,"minecraft:raw_iron":30,"minecraft:birch_boat":4,"minecraft:fire_charge":1,"minecraft:torch":24,"minecraft:poisonous_potato":1,"minecraft:porkchop":10,"minecraft:sand":23,"minecraft:white_bed":6,"minecraft:dark_oak_log":1,"minecraft:arrow":3,"minecraft:rotten_flesh":11,"minecraft:diamond":53,"minecraft:stone_axe":1,"minecraft:hay_block":50,"minecraft:bread":172,"minecraft:emerald":65,"minecraft:oak_sapling":5,"minecraft:mutton":8,"minecraft:coal":103,"minecraft:white_wool":5,"minecraft:cobblestone":66},"minecraft:mined":{"minecraft:white_bed":3,"minecraft:deepslate_diamond_ore":31,"minecraft:dark_oak_log":1,"minecraft:crafting_table":8,"minecraft:torch":1,"minecraft:emerald_ore":2,"minecraft:grass_block":6,"minecraft:glass":2,"minecraft:tall_grass":19,"minecraft:wall_torch":1,"minecraft:hay_block":51,"minecraft:birch_planks":1,"minecraft:furnace":2,"minecraft:birch_log":31,"minecraft:iron_ore":30,"minecraft:andesite":2,"minecraft:birch_leaves":11,"minecraft:yellow_bed":1,"minecraft:grass":53,"minecraft:oak_log":17,"minecraft:coal_ore":66,"minecraft:sand":23,"minecraft:dirt":5,"minecraft:stone":52,"minecraft:deepslate":29,"minecraft:oak_leaves":2},"minecraft:killed_by":{"minecraft:player":1,"minecraft:skeleton":1},"minecraft:killed":{"minecraft:pig":6,"minecraft:spider":5,"minecraft:sheep":4,"minecraft:skeleton":3,"minecraft:zombie":4},"minecraft:custom":{"minecraft:interact_with_furnace":20,"minecraft:mob_kills":22,"minecraft:traded_with_villager":64,"minecraft:interact_with_crafting_table":32,"minecraft:leave_game":12,"minecraft:time_since_death":79606,"minecraft:sleep_in_bed":10,"minecraft:climb_one_cm":204,"minecraft:time_since_rest":19771,"minecraft:sprint_one_cm":351278,"minecraft:damage_taken":1041,"minecraft:walk_one_cm":144089,"minecraft:damage_blocked_by_shield":2130,"minecraft:drop":47,"minecraft:damage_dealt":3404,"minecraft:talked_to_villager":9,"minecraft:swim_one_cm":21631,"minecraft:fly_one_cm":593632,"minecraft:open_chest":38,"minecraft:crouch_one_cm":12470,"minecraft:play_time":130483,"minecraft:deaths":3,"minecraft:sneak_time":4399,"minecraft:walk_under_water_one_cm":13295,"minecraft:boat_one_cm":218951,"minecraft:jump":2286,"minecraft:walk_on_water_one_cm":3599,"minecraft:total_world_time":130483,"minecraft:fall_one_cm":57702},"minecraft:used":{"minecraft:oak_trapdoor":2,"minecraft:water_bucket":2,"minecraft:birch_planks":1,"minecraft:stone_pickaxe":138,"minecraft:oak_planks":5,"minecraft:spruce_planks":3,"minecraft:wooden_pickaxe":12,"minecraft:chest":6,"minecraft:birch_boat":3,"minecraft:shield":46,"minecraft:composter":2,"minecraft:iron_chestplate":1,"minecraft:torch":126,"minecraft:golden_hoe":33,"minecraft:dirt":90,"minecraft:crafting_table":11,"minecraft:white_bed":10,"minecraft:glass":105,"minecraft:wooden_axe":6,"minecraft:wooden_hoe":81,"minecraft:diamond_pickaxe":76,"minecraft:villager_spawn_egg":2,"minecraft:dark_oak_log":1,"minecraft:bread":25,"minecraft:iron_pickaxe":2,"minecraft:birch_sapling":1,"minecraft:stone_axe":86,"minecraft:golden_carrot":1,"minecraft:cobblestone":11,"minecraft:furnace":2,"minecraft:andesite":1,"minecraft:yellow_bed":1,"minecraft:potato":80,"minecraft:cobbled_deepslate":2},"minecraft:broken":{"minecraft:golden_hoe":1},"minecraft:crafted":{"minecraft:cookie":216,"minecraft:oak_planks":68,"minecraft:emerald":16,"minecraft:crafting_table":4,"minecraft:spruce_planks":52,"minecraft:birch_boat":2,"minecraft:wooden_pickaxe":2,"minecraft:furnace":2,"minecraft:birch_planks":108,"minecraft:stone_axe":2,"minecraft:suspicious_stew":12,"minecraft:bread":150,"minecraft:air":0,"minecraft:diamond_leggings":1,"minecraft:diamond_helmet":1,"minecraft:iron_chestplate":1,"minecraft:diamond_pickaxe":1,"minecraft:shield":2,"minecraft:stick":44,"minecraft:iron_ingot":17,"minecraft:iron_pickaxe":1,"minecraft:stone_pickaxe":2,"minecraft:diamond_boots":1,"minecraft:chest":5,"minecraft:white_bed":1,"minecraft:pumpkin_pie":48,"minecraft:torch":112,"minecraft:diamond_chestplate":1,"minecraft:wheat":450,"minecraft:golden_hoe":1,"minecraft:golden_carrot":36}},"DataVersion":3465}