{"stats":{"minecraft:dropped":{"minecraft:bread":4,"minecraft:wheat_seeds":6,"minecraft:baked_potato":1,"minecraft:poisonous_potato":1,"minecraft:crossbow":2,"minecraft:cookie":128,"minecraft:cobblestone":2,"minecraft:lantern":1,"minecraft:dirt":64,"minecraft:dark_oak_fence":6,"minecraft:mutton":2,"minecraft:wooden_axe":3,"minecraft:gold_nugget":2,"minecraft:wooden_sword":1,"minecraft:pumpkin_pie":48,"minecraft:string":4,"minecraft:white_wool":1,"minecraft:bone":6,"minecraft:wheat":1,"minecraft:rotten_flesh":1,"minecraft:white_bed":1,"minecraft:suspicious_stew":11,"minecraft:potato":704,"minecraft:oak_sapling":1,"minecraft:golden_sword":1,"minecraft:wooden_pickaxe":4,"minecraft:bell":1},"minecraft:picked_up":{"minecraft:wooden_axe":3,"minecraft:crafting_table":11,"minecraft:wheat":1,"minecraft:wooden_pickaxe":3,"minecraft:golden_sword":1,"minecraft:string":8,"minecraft:wooden_sword":1,"minecraft:gold_nugget":3,"minecraft:cobbled_deepslate":29,"minecraft:light_weighted_pressure_plate":1,"minecraft:chest":1,"minecraft:birch_sapling":4,"minecraft:furnace":3,"minecraft:raw_iron":30,"minecraft:stick":5,"minecraft:torch":24,"minecraft:fire_charge":1,"minecraft:porkchop":10,"minecraft:arrow":7,"minecraft:rotten_flesh":18,"minecraft:shears":1,"minecraft:hay_block":50,"minecraft:obsidian":4,"minecraft:mutton":8,"minecraft:cobblestone":70,"minecraft:white_wool":5,"minecraft:birch_log":37,"minecraft:feather":2,"minecraft:andesite":3,"minecraft:leather":3,"minecraft:dark_oak_boat":1,"minecraft:potato":13,"minecraft:birch_planks":26,"minecraft:flint":1,"minecraft:oak_log":17,"minecraft:yellow_bed":1,"minecraft:dirt":94,"minecraft:white_banner":1,"minecraft:bone":9,"minecraft:apple":2,"minecraft:wheat_seeds":14,"minecraft:stone_pickaxe":2,"minecraft:cooked_chicken":1,"minecraft:oak_planks":35,"minecraft:birch_boat":4,"minecraft:stone_brick_slab":1,"minecraft:poisonous_potato":1,"minecraft:sand":23,"minecraft:white_bed":6,"minecraft:dark_oak_log":1,"minecraft:spider_eye":1,"minecraft:diamond":53,"minecraft:stone_axe":1,"minecraft:crossbow":2,"minecraft:emerald":65,"minecraft:bread":236,"minecraft:baked_potato":1,"minecraft:netherrack":19,"minecraft:oak_sapling":5,"minecraft:dark_oak_fence":9,"minecraft:coal":103},"minecraft:mined":{"minecraft:white_bed":3,"minecraft:deepslate_diamond_ore":31,"minecraft:dark_oak_log":1,"minecraft:obsidian":4,"minecraft:dark_oak_fence":10,"minecraft:grass_block":6,"minecraft:hay_block":51,"minecraft:furnace":2,"minecraft:iron_ore":30,"minecraft:andesite":2,"minecraft:dark_oak_stairs":2,"minecraft:stone":52,"minecraft:crafting_table":10,"minecraft:torch":1,"minecraft:emerald_ore":2,"minecraft:cobblestone":2,"minecraft:glass":2,"minecraft:tall_grass":19,"minecraft:oak_planks":6,"minecraft:wall_torch":1,"minecraft:birch_planks":1,"minecraft:birch_log":31,"minecraft:birch_leaves":11,"minecraft:yellow_bed":1,"minecraft:grass":80,"minecraft:coal_ore":66,"minecraft:oak_log":17,"minecraft:dirt":6,"minecraft:sand":23,"minecraft:netherrack":9,"minecraft:oak_leaves":6,"minecraft:deepslate":29},"minecraft:killed_by":{"minecraft:player":1,"minecraft:skeleton":1},"minecraft:killed":{"minecraft:zombified_piglin":6,"minecraft:spider":6,"minecraft:horse":2,"minecraft:skeleton":8,"minecraft:chicken":1,"minecraft:pig":6,"minecraft:creeper":1,"minecraft:sheep":4,"minecraft:pillager":37,"minecraft:zombie":16,"minecraft:villager":2,"minecraft:enderman":1},"minecraft:custom":{"minecraft:mob_kills":96,"minecraft:interact_with_crafting_table":34,"minecraft:open_barrel":2,"minecraft:bell_ring":17,"minecraft:leave_game":12,"minecraft:time_since_death":139606,"minecraft:climb_one_cm":409,"minecraft:sprint_one_cm":547418,"minecraft:walk_one_cm":224464,"minecraft:damage_blocked_by_shield":3540,"minecraft:drop":61,"minecraft:talked_to_villager":15,"minecraft:play_time":190483,"minecraft:deaths":3,"minecraft:sneak_time":5897,"minecraft:walk_under_water_one_cm":17665,"minecraft:boat_one_cm":277334,"minecraft:jump":3757,"minecraft:walk_on_water_one_cm":12022,"minecraft:enchant_item":10,"minecraft:total_world_time":190483,"minecraft:interact_with_furnace":20,"minecraft:traded_with_villager":64,"minecraft:raid_trigger":1,"minecraft:interact_with_grindstone":5,"minecraft:sleep_in_bed":13,"minecraft:time_since_rest":22958,"minecraft:damage_taken":1759,"minecraft:damage_dealt":13217,"minecraft:swim_one_cm":28629,"minecraft:fly_one_cm":918830,"minecraft:open_chest":46,"minecraft:crouch_one_cm":16300,"minecraft:fall_one_cm":95679,"minecraft:horse_one_cm":267781},"minecraft:used":{"minecraft:oak_trapdoor":2,"minecraft:enchanting_table":1,"minecraft:flint_and_steel":1,"minecraft:chest":6,"minecraft:spruce_planks":11,"minecraft:shield":66,"minecraft:netherrack":19,"minecraft:iron_chestplate":1,"minecraft:torch":126,"minecraft:dirt":92,"minecraft:glass":105,"minecraft:wooden_axe":6,"minecraft:bookshelf":15,"minecraft:villager_spawn_egg":2,"minecraft:birch_sapling":1,"minecraft:golden_carrot":15,"minecraft:bow":149,"minecraft:dark_oak_boat":2,"minecraft:furnace":2,"minecraft:potato":80,"minecraft:cobbled_deepslate":2,"minecraft:water_bucket":4,"minecraft:birch_planks":1,"minecraft:stone_pickaxe":138,"minecraft:oak_planks":22,"minecraft:birch_boat":3,"minecraft:wooden_pickaxe":12,"minecraft:composter":2,"minecraft:diamond_axe":25,"minecraft:sugar_cane":33,"minecraft:horse_spawn_egg":1,"minecraft:golden_hoe":33,"minecraft:crafting_table":13,"minecraft:crossbow":1,"minecraft:white_bed":10,"minecraft:wooden_hoe":81,"minecraft:diamond_pickaxe":92,"minecraft:dark_oak_log":1,"minecraft:bread":25,"minecraft:iron_pickaxe":2,"minecraft:stone_axe":86,"minecraft:fire_charge":1,"minecraft:diamond_sword":153,"minecraft:cobblestone":13,"minecraft:grindstone":1,"minecraft:dark_oak_fence":3,"minecraft:bucket":2,"minecraft:andesite":1,"minecraft:yellow_bed":1},"minecraft:broken":{"minecraft:golden_hoe":1},"minecraft:crafted":{"minecraft:cookie":216,"minecraft:oak_planks":68,"minecraft:dark_oak_boat":1,"minecraft:birch_boat":2,"minecraft:furnace":2,"minecraft:suspicious_stew":12,"minecraft:diamond_helmet":1,"minecraft:diamond_leggings":1,"minecraft:stone_pickaxe":2,"minecraft:chest":5,"minecraft:diamond_boots":1,"minecraft:dark_oak_planks":28,"minecraft:wheat":450,"minecraft:diamond_sword":1,"minecraft:emerald":16,"minecraft:diamond_axe":1,"minecraft:crafting_table":5,"minecraft:spruce_planks":52,"minecraft:wooden_pickaxe":2,"minecraft:birch_planks":108,"minecraft:stone_axe":2,"minecraft:bread":150,"minecraft:air":0,"minecraft:iron_chestplate":1,"minecraft:diamond_pickaxe":1,"minecraft:shield":3,"minecraft:stick":48,"minecraft:iron_ingot":17,"minecraft:iron_pickaxe":1,"minecraft:white_bed":1,"minecraft:pumpkin_pie":48,"minecraft:torch":112,"minecraft:golden_hoe":1,"minecraft:diamond_chestplate":1,"minecraft:golden_carrot":36}},"DataVersion":3465}