{"stats":{"minecraft:dropped":{"minecraft:wooden_axe":2,"minecraft:wooden_sword":1,"minecraft:wooden_pickaxe":3,"minecraft:white_bed":1},"minecraft:picked_up":{"minecraft:wooden_axe":2,"minecraft:birch_log":15,"minecraft:raw_iron":21,"minecraft:stick":4,"minecraft:crafting_table":3,"minecraft:torch":1,"minecraft:wooden_pickaxe":2,"minecraft:birch_planks":1,"minecraft:porkchop":10,"minecraft:white_bed":2,"minecraft:dirt":2,"minecraft:bone":1,"minecraft:wooden_sword":1,"minecraft:arrow":1,"minecraft:rotten_flesh":2,"minecraft:mutton":6,"minecraft:birch_sapling":4,"minecraft:coal":64,"minecraft:white_wool":4,"minecraft:cobblestone":20,"minecraft:furnace":1},"minecraft:mined":{"minecraft:birch_planks":1,"minecraft:white_bed":1,"minecraft:furnace":1,"minecraft:iron_ore":21,"minecraft:birch_log":15,"minecraft:birch_leaves":11,"minecraft:crafting_table":3,"minecraft:grass":3,"minecraft:grass_block":3,"minecraft:coal_ore":43,"minecraft:stone":20},"minecraft:killed":{"minecraft:skeleton":2,"minecraft:sheep":4,"minecraft:zombie":1,"minecraft:pig":6},"minecraft:custom":{"minecraft:time_since_rest":2395,"minecraft:sprint_one_cm":85489,"minecraft:interact_with_furnace":7,"minecraft:damage_taken":90,"minecraft:walk_one_cm":23641,"minecraft:damage_blocked_by_shield":330,"minecraft:mob_kills":13,"minecraft:drop":7,"minecraft:damage_dealt":1430,"minecraft:swim_one_cm":5191,"minecraft:interact_with_crafting_table":7,"minecraft:fly_one_cm":88511,"minecraft:crouch_one_cm":2036,"minecraft:play_time":28902,"minecraft:deaths":1,"minecraft:sneak_time":1174,"minecraft:walk_under_water_one_cm":321,"minecraft:jump":537,"minecraft:walk_on_water_one_cm":2152,"minecraft:leave_game":1,"minecraft:time_since_death":16744,"minecraft:sleep_in_bed":2,"minecraft:total_world_time":28902,"minecraft:fall_one_cm":12514},"minecraft:used":{"minecraft:bread":5,"minecraft:birch_planks":1,"minecraft:stone_pickaxe":79,"minecraft:birch_sapling":1,"minecraft:shield":7,"minecraft:wooden_pickaxe":6,"minecraft:torch":21,"minecraft:stone_axe":28,"minecraft:dirt":2,"minecraft:cobblestone":5,"minecraft:crafting_table":3,"minecraft:furnace":1,"minecraft:white_bed":2},"minecraft:crafted":{"minecraft:shield":1,"minecraft:crafting_table":1,"minecraft:stick":12,"minecraft:iron_ingot":8,"minecraft:wooden_pickaxe":2,"minecraft:stone_pickaxe":1,"minecraft:furnace":1,"minecraft:white_bed":1,"minecraft:torch":32,"minecraft:birch_planks":60,"minecraft:stone_axe":1,"minecraft:air":0}},"DataVersion":3465}