{"stats":{"minecraft:picked_up":{"minecraft:crafting_table":2,"minecraft:feather":19,"minecraft:chicken":20,"minecraft:glow_ink_sac":19,"minecraft:salmon":24,"minecraft:leather":11,"minecraft:enchanted_book":1,"minecraft:oak_log":7,"minecraft:gunpowder":16,"minecraft:string":5,"minecraft:dirt":1,"minecraft:name_tag":4,"minecraft:bone":22,"minecraft:activator_rail":1,"minecraft:detector_rail":4,"minecraft:beef":13,"minecraft:iron_ingot":5,"minecraft:light_gray_wool":1,"minecraft:powered_rail":1,"minecraft:oak_planks":3,"minecraft:torch":54,"minecraft:gravel":3,"minecraft:porkchop":21,"minecraft:ink_sac":6,"minecraft:redstone":9,"minecraft:dark_oak_log":2,"minecraft:arrow":23,"minecraft:rotten_flesh":48,"minecraft:beetroot_seeds":8,"minecraft:bone_meal":2,"minecraft:gray_wool":2,"minecraft:bread":5,"minecraft:gold_ingot":3,"minecraft:melon_seeds":4,"minecraft:black_wool":2,"minecraft:glow_berries":10,"minecraft:mutton":31,"minecraft:coal":17,"minecraft:cod":3,"minecraft:rail":39,"minecraft:white_wool":18,"minecraft:cobblestone":12},"minecraft:custom":{"minecraft:mob_kills":4,"minecraft:interact_with_crafting_table":5,"minecraft:leave_game":2,"minecraft:time_since_death":241,"minecraft:time_since_rest":276,"minecraft:sprint_one_cm":43349,"minecraft:damage_taken":962,"minecraft:walk_one_cm":15595,"minecraft:drop":2,"minecraft:damage_dealt":1068,"minecraft:swim_one_cm":1238,"minecraft:fly_one_cm":78299,"minecraft:crouch_one_cm":1026,"minecraft:play_time":20639,"minecraft:deaths":3,"minecraft:sneak_time":1183,"minecraft:walk_under_water_one_cm":43,"minecraft:jump":420,"minecraft:walk_on_water_one_cm":86,"minecraft:total_world_time":20639,"minecraft:fall_one_cm":10509},"minecraft:killed":{"minecraft:sheep":1,"minecraft:zombie":3},"minecraft:crafted":{"minecraft:oak_planks":24,"minecraft:wooden_pickaxe":1,"minecraft:stone_axe":1,"minecraft:stick":16,"minecraft:stone_pickaxe":1,"minecraft:dark_oak_planks":8,"minecraft:torch":12},"minecraft:mined":{"minecraft:dark_oak_leaves":3,"minecraft:dark_oak_log":2,"minecraft:crafting_table":2,"minecraft:torch":1,"minecraft:oak_planks":3,"minecraft:wall_torch":1,"minecraft:birch_leaves":4,"minecraft:oak_log":7,"minecraft:coal_ore":3,"minecraft:stone":12,"minecraft:oak_leaves":7,"minecraft:white_wool":1},"minecraft:used":{"minecraft:stone_pickaxe":12,"minecraft:oak_planks":3,"minecraft:wooden_pickaxe":28,"minecraft:white_wool":1,"minecraft:torch":3,"minecraft:crafting_table":1,"minecraft:oak_wood":2,"minecraft:oak_log":1,"minecraft:bread":9,"minecraft:stone_axe":3},"minecraft:dropped":{"minecraft:bone_meal":1,"minecraft:white_wool":1},"minecraft:killed_by":{"minecraft:player":1,"minecraft:skeleton":1}},"DataVersion":3465}