{"stats":{"minecraft:dropped":{"minecraft:bread":4,"minecraft:white_bed":1,"minecraft:mutton":2,"minecraft:wooden_axe":3,"minecraft:wooden_sword":1,"minecraft:wooden_pickaxe":4,"minecraft:bell":1,"minecraft:white_wool":1},"minecraft:picked_up":{"minecraft:wooden_axe":3,"minecraft:birch_log":27,"minecraft:crafting_table":8,"minecraft:andesite":2,"minecraft:wooden_pickaxe":3,"minecraft:birch_planks":21,"minecraft:dirt":9,"minecraft:string":2,"minecraft:wooden_sword":1,"minecraft:bone":1,"minecraft:wheat_seeds":1,"minecraft:stone_pickaxe":1,"minecraft:birch_sapling":4,"minecraft:furnace":2,"minecraft:stick":5,"minecraft:raw_iron":30,"minecraft:birch_boat":2,"minecraft:torch":15,"minecraft:sand":23,"minecraft:porkchop":10,"minecraft:white_bed":5,"minecraft:dark_oak_log":1,"minecraft:arrow":1,"minecraft:rotten_flesh":4,"minecraft:stone_axe":1,"minecraft:bread":57,"minecraft:emerald":2,"minecraft:mutton":8,"minecraft:coal":80,"minecraft:white_wool":5,"minecraft:cobblestone":47},"minecraft:mined":{"minecraft:white_bed":3,"minecraft:dark_oak_log":1,"minecraft:crafting_table":7,"minecraft:torch":1,"minecraft:emerald_ore":2,"minecraft:grass_block":6,"minecraft:tall_grass":2,"minecraft:wall_torch":1,"minecraft:birch_planks":1,"minecraft:furnace":2,"minecraft:birch_log":26,"minecraft:iron_ore":30,"minecraft:andesite":2,"minecraft:birch_leaves":11,"minecraft:grass":8,"minecraft:coal_ore":56,"minecraft:dirt":4,"minecraft:sand":23,"minecraft:stone":47},"minecraft:killed_by":{"minecraft:player":1,"minecraft:skeleton":1},"minecraft:killed":{"minecraft:pig":6,"minecraft:spider":2,"minecraft:sheep":4,"minecraft:skeleton":3,"minecraft:zombie":3},"minecraft:custom":{"minecraft:interact_with_furnace":20,"minecraft:mob_kills":18,"minecraft:interact_with_crafting_table":14,"minecraft:leave_game":1,"minecraft:time_since_death":8025,"minecraft:sleep_in_bed":5,"minecraft:time_since_rest":464,"minecraft:sprint_one_cm":198390,"minecraft:damage_taken":855,"minecraft:walk_one_cm":49945,"minecraft:damage_blocked_by_shield":2130,"minecraft:drop":17,"minecraft:damage_dealt":2554,"minecraft:swim_one_cm":6613,"minecraft:fly_one_cm":208245,"minecraft:open_chest":2,"minecraft:crouch_one_cm":3996,"minecraft:play_time":58902,"minecraft:deaths":3,"minecraft:sneak_time":1995,"minecraft:walk_under_water_one_cm":836,"minecraft:boat_one_cm":128929,"minecraft:jump":1182,"minecraft:walk_on_water_one_cm":2927,"minecraft:total_world_time":58902,"minecraft:fall_one_cm":30328},"minecraft:used":{"minecraft:birch_planks":1,"minecraft:stone_pickaxe":125,"minecraft:birch_boat":2,"minecraft:wooden_pickaxe":12,"minecraft:shield":46,"minecraft:iron_chestplate":1,"minecraft:torch":75,"minecraft:dirt":5,"minecraft:crafting_table":7,"minecraft:white_bed":4,"minecraft:wooden_axe":6,"minecraft:dark_oak_log":1,"minecraft:bread":15,"minecraft:birch_sapling":1,"minecraft:iron_pickaxe":2,"minecraft:stone_axe":53,"minecraft:cobblestone":5,"minecraft:furnace":2,"minecraft:andesite":1},"minecraft:crafted":{"minecraft:crafting_table":2,"minecraft:birch_boat":1,"minecraft:wooden_pickaxe":2,"minecraft:furnace":2,"minecraft:birch_planks":108,"minecraft:stone_axe":2,"minecraft:air":0,"minecraft:iron_chestplate":1,"minecraft:shield":2,"minecraft:stick":40,"minecraft:iron_ingot":17,"minecraft:iron_pickaxe":1,"minecraft:stone_pickaxe":2,"minecraft:white_bed":1,"minecraft:torch":112}},"DataVersion":3465}