{"stats":{"minecraft:dropped":{"minecraft:obsidian":64,"minecraft:flint_and_steel":1},"minecraft:used":{"minecraft:flint_and_steel":1,"minecraft:obsidian":17},"minecraft:custom":{"minecraft:jump":106,"minecraft:time_since_rest":1335,"minecraft:damage_taken":240,"minecraft:crouch_one_cm":15,"minecraft:leave_game":9,"minecraft:sprint_one_cm":12297,"minecraft:play_time":11069,"minecraft:walk_one_cm":4955,"minecraft:time_since_death":1194,"minecraft:deaths":1,"minecraft:sneak_time":134,"minecraft:total_world_time":11069,"minecraft:drop":2,"minecraft:fall_one_cm":4093,"minecraft:fly_one_cm":53885}},"DataVersion":3465}