{"stats":{"minecraft:picked_up":{"minecraft:iron_chestplate":1,"minecraft:crafting_table":10,"minecraft:feather":19,"minecraft:chicken":20,"minecraft:glow_ink_sac":19,"minecraft:salmon":24,"minecraft:leather":11,"minecraft:enchanted_book":1,"minecraft:tuff":3,"minecraft:oak_log":24,"minecraft:gunpowder":17,"minecraft:amethyst_block":9,"minecraft:lapis_lazuli":59,"minecraft:string":5,"minecraft:dirt":4,"minecraft:name_tag":4,"minecraft:bone":28,"minecraft:activator_rail":1,"minecraft:bow":1,"minecraft:cobbled_deepslate":24,"minecraft:detector_rail":4,"minecraft:spruce_planks":1,"minecraft:beef":13,"minecraft:iron_ingot":5,"minecraft:calcite":7,"minecraft:light_gray_wool":1,"minecraft:glowstone_dust":2,"minecraft:powered_rail":1,"minecraft:sugar_cane":44,"minecraft:oak_planks":8,"minecraft:furnace":4,"minecraft:stick":16,"minecraft:raw_iron":71,"minecraft:smooth_basalt":5,"minecraft:torch":58,"minecraft:gravel":3,"minecraft:jungle_planks":1,"minecraft:porkchop":21,"minecraft:sand":8,"minecraft:spruce_sapling":1,"minecraft:ink_sac":6,"minecraft:white_bed":1,"minecraft:spruce_log":6,"minecraft:redstone":9,"minecraft:dark_oak_log":6,"minecraft:dark_oak_planks":1,"minecraft:arrow":24,"minecraft:rotten_flesh":50,"minecraft:beetroot_seeds":8,"minecraft:bone_meal":2,"minecraft:emerald":1,"minecraft:gray_wool":2,"minecraft:bread":5,"minecraft:gold_ingot":3,"minecraft:oak_sapling":6,"minecraft:melon_seeds":4,"minecraft:black_wool":2,"minecraft:glow_berries":10,"minecraft:mutton":37,"minecraft:coal":162,"minecraft:cod":3,"minecraft:rail":39,"minecraft:white_wool":21,"minecraft:cobblestone":39},"minecraft:custom":{"minecraft:interact_with_furnace":21,"minecraft:mob_kills":16,"minecraft:interact_with_crafting_table":15,"minecraft:leave_game":2,"minecraft:time_since_death":36241,"minecraft:sleep_in_bed":1,"minecraft:time_since_rest":19141,"minecraft:sprint_one_cm":191869,"minecraft:damage_taken":1378,"minecraft:walk_one_cm":48887,"minecraft:damage_blocked_by_shield":1755,"minecraft:drop":18,"minecraft:damage_dealt":3019,"minecraft:swim_one_cm":25067,"minecraft:fly_one_cm":249712,"minecraft:crouch_one_cm":4732,"minecraft:play_time":56639,"minecraft:deaths":3,"minecraft:sneak_time":2972,"minecraft:walk_under_water_one_cm":1582,"minecraft:jump":1356,"minecraft:walk_on_water_one_cm":5497,"minecraft:total_world_time":56639,"minecraft:fall_one_cm":32509},"minecraft:killed":{"minecraft:witch":1,"minecraft:skeleton":4,"minecraft:sheep":4,"minecraft:zombie":6},"minecraft:crafted":{"minecraft:oak_planks":48,"minecraft:crafting_table":1,"minecraft:iron_helmet":1,"minecraft:wooden_pickaxe":2,"minecraft:furnace":1,"minecraft:stone_axe":2,"minecraft:air":0,"minecraft:iron_boots":1,"minecraft:shield":1,"minecraft:stick":24,"minecraft:iron_ingot":50,"minecraft:iron_pickaxe":1,"minecraft:stone_pickaxe":2,"minecraft:iron_leggings":1,"minecraft:white_bed":1,"minecraft:dark_oak_planks":24,"minecraft:torch":56},"minecraft:mined":{"minecraft:dark_oak_planks":1,"minecraft:tuff":3,"minecraft:spruce_planks":1,"minecraft:white_bed":1,"minecraft:dark_oak_leaves":3,"minecraft:dark_oak_log":6,"minecraft:crafting_table":10,"minecraft:torch":2,"minecraft:emerald_ore":1,"minecraft:grass_block":3,"minecraft:calcite":7,"minecraft:jungle_planks":1,"minecraft:cobblestone":6,"minecraft:spruce_leaves":1,"minecraft:lapis_ore":10,"minecraft:sugar_cane":17,"minecraft:oak_planks":8,"minecraft:wall_torch":4,"minecraft:amethyst_block":9,"minecraft:furnace":4,"minecraft:cobbled_deepslate":2,"minecraft:iron_ore":47,"minecraft:spruce_log":6,"minecraft:birch_leaves":4,"minecraft:deepslate_iron_ore":13,"minecraft:oak_log":24,"minecraft:coal_ore":51,"minecraft:sand":11,"minecraft:smooth_basalt":6,"minecraft:stone":33,"minecraft:deepslate":16,"minecraft:oak_leaves":8,"minecraft:white_wool":1},"minecraft:used":{"minecraft:stone_pickaxe":89,"minecraft:oak_planks":8,"minecraft:shield":20,"minecraft:wooden_pickaxe":31,"minecraft:white_wool":1,"minecraft:torch":31,"minecraft:dirt":3,"minecraft:crafting_table":8,"minecraft:white_bed":1,"minecraft:oak_wood":2,"minecraft:tuff":2,"minecraft:oak_log":1,"minecraft:dark_oak_planks":1,"minecraft:iron_pickaxe":123,"minecraft:bread":24,"minecraft:stone_axe":71,"minecraft:cobblestone":13,"minecraft:furnace":3,"minecraft:cobbled_deepslate":2},"minecraft:killed_by":{"minecraft:player":1,"minecraft:skeleton":1},"minecraft:dropped":{"minecraft:bread":8,"minecraft:bone_meal":1,"minecraft:sand":8,"minecraft:white_wool":1}},"DataVersion":3465}