{"stats":{"minecraft:dropped":{"minecraft:white_bed":1,"minecraft:wooden_axe":2,"minecraft:wooden_sword":1,"minecraft:wooden_pickaxe":3},"minecraft:picked_up":{"minecraft:wooden_axe":2,"minecraft:birch_log":20,"minecraft:crafting_table":5,"minecraft:wooden_pickaxe":2,"minecraft:birch_planks":1,"minecraft:dirt":3,"minecraft:string":2,"minecraft:wooden_sword":1,"minecraft:bone":1,"minecraft:wheat_seeds":1,"minecraft:birch_sapling":4,"minecraft:furnace":1,"minecraft:stick":4,"minecraft:raw_iron":21,"minecraft:birch_boat":2,"minecraft:torch":1,"minecraft:sand":23,"minecraft:porkchop":10,"minecraft:white_bed":2,"minecraft:arrow":1,"minecraft:rotten_flesh":2,"minecraft:emerald":2,"minecraft:mutton":6,"minecraft:coal":64,"minecraft:white_wool":4,"minecraft:cobblestone":20},"minecraft:mined":{"minecraft:white_bed":1,"minecraft:crafting_table":5,"minecraft:emerald_ore":2,"minecraft:grass_block":4,"minecraft:tall_grass":2,"minecraft:birch_planks":1,"minecraft:furnace":1,"minecraft:birch_log":20,"minecraft:iron_ore":21,"minecraft:birch_leaves":11,"minecraft:grass":3,"minecraft:coal_ore":43,"minecraft:sand":23,"minecraft:stone":20},"minecraft:killed":{"minecraft:pig":6,"minecraft:spider":2,"minecraft:sheep":4,"minecraft:skeleton":3,"minecraft:zombie":1},"minecraft:custom":{"minecraft:interact_with_furnace":7,"minecraft:mob_kills":16,"minecraft:interact_with_crafting_table":9,"minecraft:leave_game":1,"minecraft:time_since_death":28744,"minecraft:sleep_in_bed":2,"minecraft:time_since_rest":14395,"minecraft:sprint_one_cm":135527,"minecraft:damage_taken":295,"minecraft:walk_one_cm":30643,"minecraft:damage_blocked_by_shield":1065,"minecraft:drop":7,"minecraft:damage_dealt":1950,"minecraft:swim_one_cm":5191,"minecraft:fly_one_cm":165608,"minecraft:open_chest":2,"minecraft:crouch_one_cm":2303,"minecraft:play_time":40902,"minecraft:deaths":1,"minecraft:sneak_time":1309,"minecraft:walk_under_water_one_cm":321,"minecraft:boat_one_cm":128929,"minecraft:jump":888,"minecraft:walk_on_water_one_cm":2672,"minecraft:total_world_time":40902,"minecraft:fall_one_cm":23227},"minecraft:used":{"minecraft:birch_planks":1,"minecraft:stone_pickaxe":79,"minecraft:birch_boat":2,"minecraft:wooden_pickaxe":6,"minecraft:shield":27,"minecraft:torch":51,"minecraft:dirt":2,"minecraft:crafting_table":5,"minecraft:white_bed":2,"minecraft:bread":8,"minecraft:birch_sapling":1,"minecraft:iron_pickaxe":2,"minecraft:stone_axe":42,"minecraft:cobblestone":5,"minecraft:furnace":1},"minecraft:crafted":{"minecraft:crafting_table":1,"minecraft:birch_boat":1,"minecraft:wooden_pickaxe":2,"minecraft:furnace":1,"minecraft:birch_planks":80,"minecraft:stone_axe":1,"minecraft:air":0,"minecraft:shield":1,"minecraft:stick":28,"minecraft:iron_ingot":8,"minecraft:iron_pickaxe":1,"minecraft:stone_pickaxe":1,"minecraft:white_bed":1,"minecraft:torch":80}},"DataVersion":3465}