{"stats":{"minecraft:picked_up":{"minecraft:iron_chestplate":1,"minecraft:crafting_table":8,"minecraft:feather":19,"minecraft:chicken":20,"minecraft:glow_ink_sac":19,"minecraft:salmon":24,"minecraft:leather":11,"minecraft:enchanted_book":1,"minecraft:oak_log":24,"minecraft:gunpowder":16,"minecraft:lapis_lazuli":59,"minecraft:string":5,"minecraft:dirt":4,"minecraft:name_tag":4,"minecraft:bone":24,"minecraft:activator_rail":1,"minecraft:detector_rail":4,"minecraft:spruce_planks":1,"minecraft:beef":13,"minecraft:iron_ingot":5,"minecraft:light_gray_wool":1,"minecraft:powered_rail":1,"minecraft:sugar_cane":44,"minecraft:oak_planks":8,"minecraft:furnace":2,"minecraft:stick":16,"minecraft:raw_iron":31,"minecraft:torch":55,"minecraft:gravel":3,"minecraft:jungle_planks":1,"minecraft:porkchop":21,"minecraft:sand":8,"minecraft:spruce_sapling":1,"minecraft:ink_sac":6,"minecraft:white_bed":1,"minecraft:spruce_log":6,"minecraft:redstone":9,"minecraft:dark_oak_log":6,"minecraft:arrow":24,"minecraft:rotten_flesh":49,"minecraft:beetroot_seeds":8,"minecraft:bone_meal":2,"minecraft:emerald":1,"minecraft:gray_wool":2,"minecraft:bread":5,"minecraft:gold_ingot":3,"minecraft:oak_sapling":6,"minecraft:melon_seeds":4,"minecraft:black_wool":2,"minecraft:glow_berries":10,"minecraft:mutton":37,"minecraft:coal":92,"minecraft:cod":3,"minecraft:rail":39,"minecraft:white_wool":21,"minecraft:cobblestone":30},"minecraft:custom":{"minecraft:interact_with_furnace":5,"minecraft:mob_kills":9,"minecraft:interact_with_crafting_table":13,"minecraft:leave_game":2,"minecraft:time_since_death":24241,"minecraft:sleep_in_bed":1,"minecraft:time_since_rest":7141,"minecraft:sprint_one_cm":149635,"minecraft:damage_taken":1152,"minecraft:walk_one_cm":37111,"minecraft:damage_blocked_by_shield":405,"minecraft:drop":10,"minecraft:damage_dealt":1768,"minecraft:swim_one_cm":25067,"minecraft:fly_one_cm":213447,"minecraft:crouch_one_cm":3398,"minecraft:play_time":44639,"minecraft:deaths":3,"minecraft:sneak_time":2488,"minecraft:walk_under_water_one_cm":1582,"minecraft:jump":1100,"minecraft:walk_on_water_one_cm":5456,"minecraft:total_world_time":44639,"minecraft:fall_one_cm":27070},"minecraft:killed":{"minecraft:skeleton":1,"minecraft:sheep":4,"minecraft:zombie":4},"minecraft:crafted":{"minecraft:oak_planks":48,"minecraft:crafting_table":1,"minecraft:wooden_pickaxe":2,"minecraft:furnace":1,"minecraft:stone_axe":2,"minecraft:air":0,"minecraft:shield":1,"minecraft:stick":24,"minecraft:iron_ingot":5,"minecraft:iron_pickaxe":1,"minecraft:stone_pickaxe":2,"minecraft:white_bed":1,"minecraft:dark_oak_planks":24,"minecraft:torch":32},"minecraft:mined":{"minecraft:spruce_planks":1,"minecraft:white_bed":1,"minecraft:dark_oak_leaves":3,"minecraft:dark_oak_log":6,"minecraft:crafting_table":8,"minecraft:torch":1,"minecraft:emerald_ore":1,"minecraft:grass_block":3,"minecraft:jungle_planks":1,"minecraft:spruce_leaves":1,"minecraft:lapis_ore":10,"minecraft:sugar_cane":17,"minecraft:oak_planks":8,"minecraft:wall_torch":2,"minecraft:furnace":2,"minecraft:iron_ore":32,"minecraft:spruce_log":6,"minecraft:birch_leaves":4,"minecraft:oak_log":24,"minecraft:coal_ore":51,"minecraft:sand":11,"minecraft:stone":30,"minecraft:oak_leaves":8,"minecraft:white_wool":1},"minecraft:used":{"minecraft:stone_pickaxe":89,"minecraft:oak_planks":8,"minecraft:shield":5,"minecraft:wooden_pickaxe":31,"minecraft:white_wool":1,"minecraft:torch":8,"minecraft:dirt":3,"minecraft:crafting_table":6,"minecraft:white_bed":1,"minecraft:oak_wood":2,"minecraft:oak_log":1,"minecraft:iron_pickaxe":40,"minecraft:bread":16,"minecraft:stone_axe":48,"minecraft:furnace":2},"minecraft:dropped":{"minecraft:bone_meal":1,"minecraft:sand":8,"minecraft:white_wool":1},"minecraft:killed_by":{"minecraft:player":1,"minecraft:skeleton":1}},"DataVersion":3465}