{"stats":{"minecraft:dropped":{"minecraft:bread":4,"minecraft:white_bed":1,"minecraft:mutton":2,"minecraft:wooden_axe":3,"minecraft:oak_sapling":1,"minecraft:wooden_sword":1,"minecraft:wooden_pickaxe":4,"minecraft:bell":1,"minecraft:white_wool":1},"minecraft:picked_up":{"minecraft:wooden_axe":3,"minecraft:birch_log":27,"minecraft:crafting_table":9,"minecraft:andesite":2,"minecraft:wooden_pickaxe":3,"minecraft:birch_planks":21,"minecraft:dirt":9,"minecraft:string":2,"minecraft:wooden_sword":1,"minecraft:bone":1,"minecraft:wheat_seeds":1,"minecraft:stone_pickaxe":1,"minecraft:birch_sapling":4,"minecraft:furnace":2,"minecraft:stick":5,"minecraft:raw_iron":30,"minecraft:birch_boat":3,"minecraft:torch":15,"minecraft:sand":23,"minecraft:porkchop":10,"minecraft:white_bed":5,"minecraft:dark_oak_log":1,"minecraft:arrow":1,"minecraft:rotten_flesh":4,"minecraft:stone_axe":1,"minecraft:hay_block":30,"minecraft:bread":57,"minecraft:emerald":2,"minecraft:oak_sapling":1,"minecraft:mutton":8,"minecraft:coal":90,"minecraft:white_wool":5,"minecraft:cobblestone":49},"minecraft:mined":{"minecraft:white_bed":3,"minecraft:dark_oak_log":1,"minecraft:crafting_table":8,"minecraft:torch":1,"minecraft:emerald_ore":2,"minecraft:grass_block":6,"minecraft:tall_grass":2,"minecraft:wall_torch":1,"minecraft:hay_block":31,"minecraft:birch_planks":1,"minecraft:furnace":2,"minecraft:birch_log":26,"minecraft:iron_ore":30,"minecraft:andesite":2,"minecraft:birch_leaves":11,"minecraft:grass":9,"minecraft:coal_ore":66,"minecraft:dirt":4,"minecraft:sand":23,"minecraft:stone":49,"minecraft:oak_leaves":1},"minecraft:killed_by":{"minecraft:player":1,"minecraft:skeleton":1},"minecraft:killed":{"minecraft:pig":6,"minecraft:spider":2,"minecraft:sheep":4,"minecraft:skeleton":3,"minecraft:zombie":3},"minecraft:custom":{"minecraft:interact_with_furnace":20,"minecraft:mob_kills":18,"minecraft:interact_with_crafting_table":16,"minecraft:leave_game":1,"minecraft:time_since_death":20025,"minecraft:sleep_in_bed":5,"minecraft:time_since_rest":12464,"minecraft:sprint_one_cm":259591,"minecraft:damage_taken":905,"minecraft:walk_one_cm":56412,"minecraft:damage_blocked_by_shield":2130,"minecraft:drop":18,"minecraft:damage_dealt":2554,"minecraft:swim_one_cm":8561,"minecraft:fly_one_cm":275023,"minecraft:open_chest":9,"minecraft:crouch_one_cm":4784,"minecraft:play_time":70902,"minecraft:deaths":3,"minecraft:sneak_time":2341,"minecraft:walk_under_water_one_cm":946,"minecraft:boat_one_cm":218951,"minecraft:jump":1516,"minecraft:walk_on_water_one_cm":3220,"minecraft:total_world_time":70902,"minecraft:fall_one_cm":39089},"minecraft:used":{"minecraft:birch_planks":1,"minecraft:stone_pickaxe":138,"minecraft:birch_boat":3,"minecraft:wooden_pickaxe":12,"minecraft:shield":46,"minecraft:iron_chestplate":1,"minecraft:torch":78,"minecraft:golden_hoe":32,"minecraft:dirt":5,"minecraft:crafting_table":9,"minecraft:white_bed":4,"minecraft:wooden_axe":6,"minecraft:dark_oak_log":1,"minecraft:bread":20,"minecraft:birch_sapling":1,"minecraft:iron_pickaxe":2,"minecraft:stone_axe":54,"minecraft:cobblestone":8,"minecraft:furnace":2,"minecraft:andesite":1},"minecraft:crafted":{"minecraft:crafting_table":2,"minecraft:birch_boat":2,"minecraft:wooden_pickaxe":2,"minecraft:furnace":2,"minecraft:birch_planks":108,"minecraft:stone_axe":2,"minecraft:air":0,"minecraft:iron_chestplate":1,"minecraft:shield":2,"minecraft:stick":44,"minecraft:iron_ingot":17,"minecraft:iron_pickaxe":1,"minecraft:stone_pickaxe":2,"minecraft:white_bed":1,"minecraft:torch":112,"minecraft:golden_hoe":1}},"DataVersion":3465}