{"stats":{"minecraft:dropped":{"minecraft:dirt":3,"minecraft:wooden_axe":1,"minecraft:birch_sapling":6,"minecraft:wooden_pickaxe":1,"minecraft:stick":2},"minecraft:picked_up":{"minecraft:birch_log":22,"minecraft:stick":5,"minecraft:crafting_table":3,"minecraft:feather":1,"minecraft:chicken":1,"minecraft:leather":2,"minecraft:birch_planks":6,"minecraft:porkchop":7,"minecraft:dirt":8,"minecraft:beef":3,"minecraft:birch_sapling":6,"minecraft:coal":23,"minecraft:egg":3,"minecraft:cobblestone":20,"minecraft:furnace":1},"minecraft:mined":{"minecraft:furnace":1,"minecraft:birch_log":24,"minecraft:birch_leaves":4,"minecraft:crafting_table":3,"minecraft:grass_block":4,"minecraft:coal_ore":23,"minecraft:stone":21},"minecraft:killed":{"minecraft:pig":4,"minecraft:chicken":1,"minecraft:cow":1},"minecraft:custom":{"minecraft:time_since_rest":17306,"minecraft:interact_with_furnace":7,"minecraft:sprint_one_cm":34135,"minecraft:damage_taken":150,"minecraft:walk_one_cm":34062,"minecraft:mob_kills":6,"minecraft:drop":10,"minecraft:damage_dealt":610,"minecraft:swim_one_cm":6041,"minecraft:interact_with_crafting_table":6,"minecraft:fly_one_cm":26910,"minecraft:play_time":17306,"minecraft:sneak_time":3,"minecraft:walk_under_water_one_cm":1867,"minecraft:jump":261,"minecraft:leave_game":3,"minecraft:walk_on_water_one_cm":5078,"minecraft:time_since_death":17306,"minecraft:total_world_time":17306,"minecraft:fall_one_cm":4938},"minecraft:used":{"minecraft:wooden_axe":38,"minecraft:stone_pickaxe":27,"minecraft:wooden_pickaxe":18,"minecraft:stone_axe":1,"minecraft:dirt":5,"minecraft:crafting_table":3,"minecraft:furnace":1,"minecraft:cooked_porkchop":1,"minecraft:egg":3,"minecraft:cooked_beef":1},"minecraft:crafted":{"minecraft:cooked_beef":3,"minecraft:cooked_porkchop":6,"minecraft:crafting_table":1,"minecraft:stick":12,"minecraft:wooden_pickaxe":2,"minecraft:stone_pickaxe":1,"minecraft:wooden_axe":2,"minecraft:furnace":1,"minecraft:birch_planks":44,"minecraft:stone_axe":1}},"DataVersion":3465}