{"stats":{"minecraft:picked_up":{"minecraft:stick":4,"minecraft:crafting_table":3,"minecraft:golden_carrot":5,"minecraft:oak_log":14,"minecraft:dirt":8,"minecraft:iron_axe":1,"minecraft:cooked_mutton":2,"minecraft:diamond_chestplate":1,"minecraft:stone_axe":1,"minecraft:diamond_leggings":1,"minecraft:diamond_axe":1,"minecraft:stone_pickaxe":1,"minecraft:oak_boat":1,"minecraft:bread":4,"minecraft:iron_pickaxe":1,"minecraft:oak_sapling":1,"minecraft:iron_sword":1,"minecraft:oak_planks":5,"minecraft:coal":33,"minecraft:cobblestone":61,"minecraft:iron_boots":1,"minecraft:diamond_pickaxe":1},"minecraft:dropped":{"minecraft:stone_axe":1,"minecraft:dirt":5,"minecraft:iron_sword":1,"minecraft:wooden_axe":1,"minecraft:oak_sapling":1,"minecraft:iron_axe":1,"minecraft:wooden_pickaxe":1,"minecraft:stone_pickaxe":2,"minecraft:iron_pickaxe":1,"minecraft:coal":1},"minecraft:used":{"minecraft:wooden_axe":8,"minecraft:bread":1,"minecraft:stone_pickaxe":8,"minecraft:wooden_pickaxe":7,"minecraft:iron_boots":1,"minecraft:diamond_axe":1,"minecraft:stone_axe":2,"minecraft:cobblestone":30,"minecraft:dirt":3,"minecraft:golden_carrot":5,"minecraft:crafting_table":2,"minecraft:oak_boat":1},"minecraft:mined":{"minecraft:crafting_table":2,"minecraft:grass_block":2,"minecraft:oak_log":8,"minecraft:dirt":1,"minecraft:stone":14,"minecraft:oak_leaves":5},"minecraft:crafted":{"minecraft:oak_boat":1,"minecraft:oak_planks":56,"minecraft:crafting_table":1,"minecraft:stick":8,"minecraft:wooden_pickaxe":1,"minecraft:stone_pickaxe":1,"minecraft:wooden_axe":1,"minecraft:stone_axe":1},"minecraft:killed_by":{"minecraft:zombie":1},"minecraft:custom":{"minecraft:time_since_rest":5407,"minecraft:interact_with_furnace":1,"minecraft:sprint_one_cm":75657,"minecraft:damage_taken":669,"minecraft:walk_one_cm":38558,"minecraft:drop":14,"minecraft:damage_dealt":180,"minecraft:swim_one_cm":13108,"minecraft:interact_with_crafting_table":6,"minecraft:fly_one_cm":76777,"minecraft:open_chest":2,"minecraft:play_time":23511,"minecraft:deaths":1,"minecraft:boat_one_cm":57960,"minecraft:sneak_time":1,"minecraft:walk_under_water_one_cm":3447,"minecraft:jump":526,"minecraft:leave_game":1,"minecraft:walk_on_water_one_cm":7180,"minecraft:time_since_death":21638,"minecraft:sleep_in_bed":1,"minecraft:total_world_time":23511,"minecraft:fall_one_cm":14035}},"DataVersion":3465}