{"stats":{"minecraft:broken":{"minecraft:stone_pickaxe":1,"minecraft:stone_axe":1},"minecraft:picked_up":{"minecraft:crafting_table":7,"minecraft:wheat":34,"minecraft:feather":2,"minecraft:golden_carrot":4,"minecraft:andesite":9,"minecraft:leather":2,"minecraft:brown_wool":1,"minecraft:golden_leggings":1,"minecraft:potato":22,"minecraft:oak_log":2,"minecraft:yellow_bed":3,"minecraft:golden_sword":1,"minecraft:gunpowder":1,"minecraft:lapis_lazuli":37,"minecraft:dirt":23,"minecraft:bone":8,"minecraft:apple":1,"minecraft:bow":1,"minecraft:wheat_seeds":4,"minecraft:gold_nugget":64,"minecraft:cobbled_deepslate":16,"minecraft:raw_gold":14,"minecraft:iron_ingot":25,"minecraft:beef":8,"minecraft:oak_boat":2,"minecraft:chest":4,"minecraft:oak_planks":98,"minecraft:iron_boots":1,"minecraft:furnace":4,"minecraft:raw_iron":72,"minecraft:torch":1,"minecraft:gravel":1,"minecraft:porkchop":13,"minecraft:pointed_dripstone":3,"minecraft:white_bed":1,"minecraft:grass_block":2,"minecraft:carrot":65,"minecraft:dark_oak_log":53,"minecraft:dark_oak_planks":32,"minecraft:diamond_chestplate":1,"minecraft:arrow":7,"minecraft:rotten_flesh":9,"minecraft:diamond":4,"minecraft:stone_axe":1,"minecraft:bread":49,"minecraft:diamond_pickaxe":1,"minecraft:cod":1,"minecraft:mutton":2,"minecraft:coal":115,"minecraft:white_wool":2,"minecraft:cobblestone":61,"minecraft:ender_pearl":1},"minecraft:custom":{"minecraft:interact_with_furnace":49,"minecraft:mob_kills":18,"minecraft:interact_with_crafting_table":22,"minecraft:leave_game":4,"minecraft:time_since_death":82257,"minecraft:sleep_in_bed":1,"minecraft:time_since_rest":660,"minecraft:sprint_one_cm":286562,"minecraft:damage_taken":3309,"minecraft:walk_one_cm":210928,"minecraft:damage_blocked_by_shield":1510,"minecraft:drop":17,"minecraft:damage_dealt":4120,"minecraft:swim_one_cm":33272,"minecraft:player_kills":2,"minecraft:fly_one_cm":262629,"minecraft:open_chest":15,"minecraft:play_time":89348,"minecraft:crouch_one_cm":111,"minecraft:deaths":5,"minecraft:sneak_time":26,"minecraft:walk_under_water_one_cm":8956,"minecraft:boat_one_cm":25216,"minecraft:jump":1836,"minecraft:walk_on_water_one_cm":34511,"minecraft:total_world_time":89348,"minecraft:fall_one_cm":48099},"minecraft:killed":{"minecraft:sheep":1,"minecraft:skeleton":4,"minecraft:zombie":8,"minecraft:cow":1,"minecraft:enderman":3},"minecraft:crafted":{"minecraft:cooked_beef":14,"minecraft:oak_planks":8,"minecraft:crafting_table":2,"minecraft:wooden_pickaxe":1,"minecraft:iron_helmet":1,"minecraft:furnace":1,"minecraft:stone_axe":1,"minecraft:cooked_mutton":7,"minecraft:iron_boots":1,"minecraft:iron_chestplate":2,"minecraft:shield":1,"minecraft:iron_axe":1,"minecraft:stick":12,"minecraft:iron_ingot":35,"minecraft:iron_pickaxe":1,"minecraft:stone_pickaxe":1,"minecraft:wooden_axe":1,"minecraft:gold_ingot":7,"minecraft:iron_leggings":1,"minecraft:dark_oak_planks":56},"minecraft:mined":{"minecraft:white_bed":1,"minecraft:dark_oak_leaves":1,"minecraft:dark_oak_log":16,"minecraft:crafting_table":7,"minecraft:grass_block":1,"minecraft:chest":4,"minecraft:cobblestone":2,"minecraft:deepslate_coal_ore":4,"minecraft:lapis_ore":3,"minecraft:deepslate_gold_ore":14,"minecraft:oak_planks":6,"minecraft:furnace":4,"minecraft:iron_ore":45,"minecraft:andesite":6,"minecraft:birch_leaves":2,"minecraft:yellow_bed":3,"minecraft:deepslate_lapis_ore":3,"minecraft:grass":2,"minecraft:oak_log":2,"minecraft:pointed_dripstone":1,"minecraft:coal_ore":40,"minecraft:deepslate_iron_ore":27,"minecraft:dirt":7,"minecraft:gravel":1,"minecraft:stone":61,"minecraft:oak_leaves":4,"minecraft:deepslate":15},"minecraft:used":{"minecraft:cooked_mutton":1,"minecraft:stone_pickaxe":131,"minecraft:oak_planks":4,"minecraft:chest":4,"minecraft:wooden_pickaxe":27,"minecraft:shield":21,"minecraft:iron_chestplate":1,"minecraft:white_wool":1,"minecraft:dirt":17,"minecraft:mutton":1,"minecraft:crafting_table":8,"minecraft:white_bed":1,"minecraft:carrot":1,"minecraft:wooden_axe":15,"minecraft:grass_block":2,"minecraft:iron_axe":25,"minecraft:bread":49,"minecraft:iron_pickaxe":68,"minecraft:iron_boots":1,"minecraft:golden_carrot":3,"minecraft:stone_axe":68,"minecraft:bow":1,"minecraft:cobblestone":47,"minecraft:furnace":5,"minecraft:andesite":9,"minecraft:yellow_bed":2,"minecraft:oak_boat":2,"minecraft:cooked_beef":1,"minecraft:cobbled_deepslate":16,"minecraft:iron_leggings":1,"minecraft:pointed_dripstone":1},"minecraft:killed_by":{"minecraft:player":3},"minecraft:dropped":{"minecraft:bread":32,"minecraft:wheat_seeds":4,"minecraft:feather":2,"minecraft:rotten_flesh":8,"minecraft:dirt":2,"minecraft:iron_chestplate":1,"minecraft:wooden_axe":1,"minecraft:wooden_pickaxe":1}},"DataVersion":3465}