{"stats":{"minecraft:broken":{"minecraft:stone_pickaxe":1},"minecraft:picked_up":{"minecraft:crafting_table":7,"minecraft:andesite":9,"minecraft:brown_wool":1,"minecraft:oak_log":2,"minecraft:gunpowder":1,"minecraft:lapis_lazuli":37,"minecraft:dirt":2,"minecraft:bone":8,"minecraft:bow":1,"minecraft:cobbled_deepslate":16,"minecraft:raw_gold":14,"minecraft:iron_ingot":9,"minecraft:beef":3,"minecraft:furnace":4,"minecraft:raw_iron":72,"minecraft:torch":1,"minecraft:gravel":1,"minecraft:porkchop":2,"minecraft:pointed_dripstone":3,"minecraft:carrot":1,"minecraft:dark_oak_log":16,"minecraft:dark_oak_planks":12,"minecraft:arrow":7,"minecraft:rotten_flesh":9,"minecraft:diamond":1,"minecraft:bread":8,"minecraft:cobblestone":61,"minecraft:coal":115,"minecraft:mutton":2,"minecraft:cod":1,"minecraft:white_wool":2},"minecraft:custom":{"minecraft:interact_with_furnace":36,"minecraft:mob_kills":14,"minecraft:interact_with_crafting_table":21,"minecraft:leave_game":3,"minecraft:time_since_death":59106,"minecraft:time_since_rest":59349,"minecraft:sprint_one_cm":190119,"minecraft:damage_taken":2903,"minecraft:walk_one_cm":157542,"minecraft:damage_blocked_by_shield":1290,"minecraft:drop":6,"minecraft:damage_dealt":2810,"minecraft:swim_one_cm":16302,"minecraft:fly_one_cm":150682,"minecraft:player_kills":2,"minecraft:crouch_one_cm":47,"minecraft:play_time":66197,"minecraft:deaths":5,"minecraft:sneak_time":16,"minecraft:walk_under_water_one_cm":6828,"minecraft:jump":1316,"minecraft:walk_on_water_one_cm":22255,"minecraft:total_world_time":66197,"minecraft:fall_one_cm":35158},"minecraft:killed":{"minecraft:sheep":1,"minecraft:skeleton":4,"minecraft:zombie":8,"minecraft:cow":1},"minecraft:crafted":{"minecraft:cooked_beef":1,"minecraft:oak_planks":8,"minecraft:crafting_table":2,"minecraft:wooden_pickaxe":1,"minecraft:iron_helmet":1,"minecraft:furnace":1,"minecraft:stone_axe":1,"minecraft:cooked_mutton":1,"minecraft:iron_boots":1,"minecraft:iron_chestplate":2,"minecraft:shield":1,"minecraft:iron_axe":1,"minecraft:stick":12,"minecraft:iron_ingot":35,"minecraft:iron_pickaxe":1,"minecraft:stone_pickaxe":1,"minecraft:wooden_axe":1,"minecraft:iron_leggings":1,"minecraft:dark_oak_planks":56},"minecraft:mined":{"minecraft:dark_oak_leaves":1,"minecraft:dark_oak_log":16,"minecraft:crafting_table":7,"minecraft:grass_block":1,"minecraft:cobblestone":2,"minecraft:deepslate_coal_ore":4,"minecraft:deepslate_gold_ore":14,"minecraft:lapis_ore":3,"minecraft:furnace":4,"minecraft:iron_ore":45,"minecraft:andesite":6,"minecraft:deepslate_lapis_ore":3,"minecraft:grass":2,"minecraft:oak_log":2,"minecraft:pointed_dripstone":1,"minecraft:coal_ore":40,"minecraft:deepslate_iron_ore":27,"minecraft:gravel":1,"minecraft:stone":61,"minecraft:deepslate":15,"minecraft:oak_leaves":4},"minecraft:used":{"minecraft:cooked_mutton":1,"minecraft:stone_pickaxe":131,"minecraft:wooden_pickaxe":27,"minecraft:shield":16,"minecraft:iron_chestplate":1,"minecraft:white_wool":1,"minecraft:mutton":1,"minecraft:crafting_table":8,"minecraft:carrot":1,"minecraft:wooden_axe":15,"minecraft:bread":40,"minecraft:iron_pickaxe":68,"minecraft:iron_boots":1,"minecraft:stone_axe":53,"minecraft:cobblestone":42,"minecraft:furnace":5,"minecraft:andesite":9,"minecraft:cooked_beef":1,"minecraft:cobbled_deepslate":16,"minecraft:iron_leggings":1,"minecraft:pointed_dripstone":1},"minecraft:dropped":{"minecraft:rotten_flesh":2,"minecraft:dirt":2,"minecraft:iron_chestplate":1,"minecraft:wooden_axe":1},"minecraft:killed_by":{"minecraft:player":3}},"DataVersion":3465}