{"stats":{"minecraft:picked_up":{"minecraft:stick":4,"minecraft:crafting_table":3,"minecraft:golden_carrot":5,"minecraft:oak_log":14,"minecraft:dirt":5,"minecraft:iron_axe":1,"minecraft:cooked_mutton":2,"minecraft:diamond_chestplate":1,"minecraft:diamond_leggings":1,"minecraft:diamond_axe":1,"minecraft:stone_pickaxe":1,"minecraft:iron_pickaxe":1,"minecraft:oak_sapling":1,"minecraft:oak_planks":5,"minecraft:iron_sword":1,"minecraft:coal":33,"minecraft:cobblestone":61,"minecraft:iron_boots":1,"minecraft:diamond_pickaxe":1},"minecraft:dropped":{"minecraft:stone_axe":1,"minecraft:dirt":2,"minecraft:iron_sword":1,"minecraft:wooden_axe":1,"minecraft:oak_sapling":1,"minecraft:iron_axe":1,"minecraft:stone_pickaxe":2,"minecraft:wooden_pickaxe":1,"minecraft:iron_pickaxe":1,"minecraft:coal":1},"minecraft:used":{"minecraft:wooden_axe":8,"minecraft:stone_pickaxe":8,"minecraft:wooden_pickaxe":7,"minecraft:iron_boots":1,"minecraft:cobblestone":5,"minecraft:dirt":3,"minecraft:golden_carrot":3,"minecraft:crafting_table":2},"minecraft:mined":{"minecraft:crafting_table":2,"minecraft:grass_block":2,"minecraft:oak_log":8,"minecraft:dirt":1,"minecraft:stone":14,"minecraft:oak_leaves":5},"minecraft:crafted":{"minecraft:oak_planks":32,"minecraft:crafting_table":1,"minecraft:stick":8,"minecraft:wooden_pickaxe":1,"minecraft:stone_pickaxe":1,"minecraft:wooden_axe":1,"minecraft:stone_axe":1},"minecraft:killed_by":{"minecraft:zombie":1},"minecraft:custom":{"minecraft:time_since_rest":9693,"minecraft:sprint_one_cm":37166,"minecraft:damage_taken":525,"minecraft:walk_one_cm":20144,"minecraft:drop":11,"minecraft:damage_dealt":44,"minecraft:interact_with_crafting_table":4,"minecraft:swim_one_cm":12652,"minecraft:fly_one_cm":34072,"minecraft:play_time":11511,"minecraft:deaths":1,"minecraft:sneak_time":1,"minecraft:walk_under_water_one_cm":1916,"minecraft:jump":244,"minecraft:leave_game":1,"minecraft:walk_on_water_one_cm":3708,"minecraft:time_since_death":9638,"minecraft:total_world_time":11511,"minecraft:fall_one_cm":6186}},"DataVersion":3465}