{"stats":{"minecraft:dropped":{"minecraft:iron_ingot":1,"minecraft:stone_axe":1,"minecraft:wheat_seeds":2,"minecraft:birch_sapling":6,"minecraft:feather":6,"minecraft:white_bed":1,"minecraft:stick":2,"minecraft:dirt":3,"minecraft:wooden_axe":3,"minecraft:brown_wool":1,"minecraft:oak_sapling":3,"minecraft:wooden_pickaxe":2},"minecraft:picked_up":{"minecraft:birch_log":55,"minecraft:crafting_table":9,"minecraft:feather":7,"minecraft:cooked_beef":6,"minecraft:chicken":7,"minecraft:andesite":2,"minecraft:brown_wool":1,"minecraft:leather":19,"minecraft:birch_planks":174,"minecraft:oak_log":35,"minecraft:shield":1,"minecraft:dirt":20,"minecraft:string":2,"minecraft:raw_copper":6,"minecraft:cooked_mutton":2,"minecraft:bone":2,"minecraft:bow":1,"minecraft:wheat_seeds":2,"minecraft:iron_ingot":4,"minecraft:beef":14,"minecraft:stone_pickaxe":4,"minecraft:iron_pickaxe":1,"minecraft:light_gray_wool":1,"minecraft:birch_sapling":8,"minecraft:furnace":11,"minecraft:egg":3,"minecraft:raw_iron":30,"minecraft:stick":16,"minecraft:cooked_porkchop":15,"minecraft:torch":10,"minecraft:gravel":1,"minecraft:porkchop":16,"minecraft:diorite":3,"minecraft:white_bed":3,"minecraft:arrow":2,"minecraft:rotten_flesh":6,"minecraft:stone_axe":4,"minecraft:hay_block":38,"minecraft:bread":168,"minecraft:oak_sapling":3,"minecraft:black_wool":1,"minecraft:mutton":46,"minecraft:coal":275,"minecraft:white_wool":21,"minecraft:cobblestone":144,"minecraft:wooden_axe":1},"minecraft:mined":{"minecraft:white_bed":3,"minecraft:crafting_table":9,"minecraft:torch":6,"minecraft:grass_block":9,"minecraft:tall_grass":1,"minecraft:wall_torch":1,"minecraft:hay_block":38,"minecraft:furnace":8,"minecraft:birch_log":58,"minecraft:iron_ore":30,"minecraft:birch_leaves":10,"minecraft:andesite":2,"minecraft:grass":10,"minecraft:coal_ore":141,"minecraft:oak_log":36,"minecraft:dirt":7,"minecraft:stone":95,"minecraft:oak_leaves":3},"minecraft:killed_by":{"minecraft:skeleton":2,"minecraft:zombie":1},"minecraft:killed":{"minecraft:pig":8,"minecraft:sheep":18,"minecraft:skeleton":2,"minecraft:zombie":1,"minecraft:chicken":6,"minecraft:cow":4},"minecraft:custom":{"minecraft:interact_with_furnace":44,"minecraft:mob_kills":41,"minecraft:interact_with_crafting_table":28,"minecraft:bell_ring":10,"minecraft:leave_game":8,"minecraft:time_since_death":48363,"minecraft:sleep_in_bed":1,"minecraft:climb_one_cm":1351,"minecraft:time_since_rest":48461,"minecraft:sprint_one_cm":314097,"minecraft:damage_taken":2970,"minecraft:walk_one_cm":217505,"minecraft:damage_blocked_by_shield":675,"minecraft:drop":23,"minecraft:damage_dealt":3903,"minecraft:swim_one_cm":47725,"minecraft:talked_to_villager":1,"minecraft:fly_one_cm":189778,"minecraft:open_chest":7,"minecraft:play_time":90228,"minecraft:deaths":5,"minecraft:sneak_time":3,"minecraft:walk_under_water_one_cm":10849,"minecraft:interact_with_brewingstand":1,"minecraft:jump":1600,"minecraft:walk_on_water_one_cm":24712,"minecraft:total_world_time":90228,"minecraft:fall_one_cm":38635},"minecraft:used":{"minecraft:cooked_mutton":5,"minecraft:diorite":3,"minecraft:stone_pickaxe":193,"minecraft:chest":1,"minecraft:wooden_pickaxe":54,"minecraft:shield":11,"minecraft:torch":9,"minecraft:dirt":17,"minecraft:crafting_table":7,"minecraft:white_bed":1,"minecraft:wooden_axe":46,"minecraft:black_wool":1,"minecraft:iron_pickaxe":50,"minecraft:iron_axe":16,"minecraft:bread":17,"minecraft:birch_sapling":2,"minecraft:map":2,"minecraft:gravel":1,"minecraft:stone_axe":117,"minecraft:light_gray_wool":1,"minecraft:cobblestone":40,"minecraft:furnace":8,"minecraft:cooked_porkchop":4,"minecraft:andesite":2,"minecraft:birch_log":1,"minecraft:egg":3,"minecraft:cooked_beef":1},"minecraft:broken":{"minecraft:stone_pickaxe":1,"minecraft:wooden_axe":1,"minecraft:wooden_pickaxe":1},"minecraft:crafted":{"minecraft:cooked_beef":4,"minecraft:oak_planks":140,"minecraft:cooked_porkchop":10,"minecraft:crafting_table":2,"minecraft:wooden_pickaxe":3,"minecraft:furnace":3,"minecraft:birch_planks":216,"minecraft:stone_axe":2,"minecraft:bread":114,"minecraft:cooked_mutton":10,"minecraft:iron_boots":1,"minecraft:iron_chestplate":1,"minecraft:shield":2,"minecraft:iron_axe":1,"minecraft:stick":24,"minecraft:iron_ingot":32,"minecraft:iron_pickaxe":2,"minecraft:stone_pickaxe":2,"minecraft:wooden_axe":3,"minecraft:chest":1,"minecraft:white_bed":1,"minecraft:torch":16,"minecraft:wheat":342}},"DataVersion":3465}