{"stats":{"minecraft:picked_up":{"minecraft:crafting_table":3,"minecraft:brown_wool":1,"minecraft:porkchop":2,"minecraft:oak_log":2,"minecraft:gunpowder":1,"minecraft:dirt":2,"minecraft:dark_oak_log":16,"minecraft:dark_oak_planks":12,"minecraft:bone":2,"minecraft:arrow":1,"minecraft:rotten_flesh":1,"minecraft:beef":3,"minecraft:coal":18,"minecraft:mutton":2,"minecraft:cod":1,"minecraft:white_wool":2,"minecraft:cobblestone":19},"minecraft:custom":{"minecraft:time_since_rest":13351,"minecraft:sprint_one_cm":85428,"minecraft:damage_taken":1356,"minecraft:walk_one_cm":47284,"minecraft:mob_kills":2,"minecraft:drop":3,"minecraft:damage_dealt":592,"minecraft:swim_one_cm":6827,"minecraft:interact_with_crafting_table":5,"minecraft:fly_one_cm":65569,"minecraft:player_kills":2,"minecraft:crouch_one_cm":47,"minecraft:play_time":20199,"minecraft:deaths":5,"minecraft:sneak_time":2,"minecraft:walk_under_water_one_cm":1796,"minecraft:jump":480,"minecraft:leave_game":2,"minecraft:time_since_death":13108,"minecraft:walk_on_water_one_cm":2462,"minecraft:total_world_time":20199,"minecraft:fall_one_cm":13167},"minecraft:killed":{"minecraft:sheep":1,"minecraft:cow":1},"minecraft:crafted":{"minecraft:oak_planks":8,"minecraft:crafting_table":1,"minecraft:stick":8,"minecraft:wooden_pickaxe":1,"minecraft:stone_pickaxe":1,"minecraft:wooden_axe":1,"minecraft:dark_oak_planks":56,"minecraft:stone_axe":1},"minecraft:mined":{"minecraft:dark_oak_leaves":1,"minecraft:dark_oak_log":16,"minecraft:crafting_table":3,"minecraft:grass":2,"minecraft:grass_block":1,"minecraft:coal_ore":18,"minecraft:oak_log":2,"minecraft:stone":20,"minecraft:oak_leaves":4},"minecraft:used":{"minecraft:wooden_axe":15,"minecraft:bread":10,"minecraft:stone_pickaxe":32,"minecraft:wooden_pickaxe":6,"minecraft:white_wool":1,"minecraft:stone_axe":5,"minecraft:mutton":1,"minecraft:crafting_table":3},"minecraft:killed_by":{"minecraft:player":3},"minecraft:dropped":{"minecraft:dirt":2,"minecraft:wooden_axe":1}},"DataVersion":3465}