{"stats":{"minecraft:broken":{"minecraft:iron_shovel":1,"minecraft:stone_pickaxe":1,"minecraft:stone_axe":1},"minecraft:picked_up":{"minecraft:crafting_table":7,"minecraft:iron_chestplate":1,"minecraft:wheat":68,"minecraft:ladder":1,"minecraft:golden_sword":2,"minecraft:shield":1,"minecraft:iron_axe":1,"minecraft:flint_and_steel":1,"minecraft:gold_nugget":140,"minecraft:cobbled_deepslate":17,"minecraft:beef":8,"minecraft:oak_boat":2,"minecraft:light_gray_wool":1,"minecraft:chest":5,"minecraft:iron_boots":2,"minecraft:furnace":6,"minecraft:stick":14,"minecraft:raw_iron":94,"minecraft:torch":1,"minecraft:porkchop":15,"minecraft:pointed_dripstone":3,"minecraft:diorite":11,"minecraft:carrot":100,"minecraft:dark_oak_planks":39,"minecraft:rotten_flesh":18,"minecraft:arrow":7,"minecraft:diamond_chestplate":1,"minecraft:obsidian":2,"minecraft:mutton":8,"minecraft:cobblestone":85,"minecraft:cod":1,"minecraft:white_wool":5,"minecraft:feather":2,"minecraft:golden_carrot":5,"minecraft:glow_ink_sac":4,"minecraft:andesite":9,"minecraft:brown_wool":1,"minecraft:leather":2,"minecraft:golden_leggings":1,"minecraft:potato":22,"minecraft:flint":2,"minecraft:oak_log":13,"minecraft:yellow_bed":4,"minecraft:gunpowder":1,"minecraft:lapis_lazuli":114,"minecraft:dirt":155,"minecraft:glass":25,"minecraft:bone":8,"minecraft:apple":1,"minecraft:bow":2,"minecraft:wheat_seeds":5,"minecraft:raw_gold":14,"minecraft:iron_ingot":47,"minecraft:stone_pickaxe":1,"minecraft:oak_planks":237,"minecraft:stone_hoe":1,"minecraft:gravel":1,"minecraft:sand":159,"minecraft:white_bed":2,"minecraft:grass_block":2,"minecraft:dark_oak_log":90,"minecraft:diamond":13,"minecraft:stone_axe":1,"minecraft:bone_meal":1,"minecraft:bread":68,"minecraft:netherrack":1,"minecraft:coal":165,"minecraft:ender_pearl":2,"minecraft:diamond_pickaxe":1},"minecraft:custom":{"minecraft:mob_kills":23,"minecraft:interact_with_crafting_table":32,"minecraft:leave_game":4,"minecraft:time_since_death":106257,"minecraft:climb_one_cm":1495,"minecraft:sprint_one_cm":333495,"minecraft:walk_one_cm":259142,"minecraft:damage_blocked_by_shield":1510,"minecraft:drop":19,"minecraft:play_time":113348,"minecraft:deaths":5,"minecraft:sneak_time":347,"minecraft:walk_under_water_one_cm":23606,"minecraft:boat_one_cm":25216,"minecraft:jump":2190,"minecraft:walk_on_water_one_cm":55499,"minecraft:total_world_time":113348,"minecraft:interact_with_furnace":66,"minecraft:sleep_in_bed":2,"minecraft:time_since_rest":12487,"minecraft:damage_taken":3349,"minecraft:damage_dealt":4789,"minecraft:swim_one_cm":34729,"minecraft:fly_one_cm":343937,"minecraft:player_kills":3,"minecraft:open_chest":35,"minecraft:crouch_one_cm":776,"minecraft:fall_one_cm":59946},"minecraft:killed":{"minecraft:skeleton":4,"minecraft:pig":1,"minecraft:sheep":5,"minecraft:zombie":8,"minecraft:enderman":3,"minecraft:cow":1},"minecraft:crafted":{"minecraft:oak_planks":8,"minecraft:furnace":1,"minecraft:cooked_mutton":7,"minecraft:iron_boots":1,"minecraft:iron_axe":1,"minecraft:ladder":12,"minecraft:stone_pickaxe":1,"minecraft:chest":3,"minecraft:dark_oak_planks":56,"minecraft:cooked_beef":19,"minecraft:crafting_table":2,"minecraft:wooden_pickaxe":1,"minecraft:iron_helmet":1,"minecraft:stone_axe":1,"minecraft:iron_chestplate":2,"minecraft:gold_nugget":126,"minecraft:shield":1,"minecraft:stick":40,"minecraft:iron_ingot":58,"minecraft:iron_pickaxe":1,"minecraft:wooden_axe":1,"minecraft:iron_leggings":1,"minecraft:iron_shovel":1,"minecraft:gold_ingot":14},"minecraft:mined":{"minecraft:dark_oak_planks":7,"minecraft:white_bed":1,"minecraft:dark_oak_leaves":1,"minecraft:dark_oak_log":16,"minecraft:ladder":1,"minecraft:grass_block":32,"minecraft:furnace":6,"minecraft:iron_ore":45,"minecraft:andesite":6,"minecraft:deepslate_lapis_ore":3,"minecraft:pointed_dripstone":1,"minecraft:deepslate_iron_ore":27,"minecraft:stone":81,"minecraft:crafting_table":7,"minecraft:chest":7,"minecraft:cobblestone":2,"minecraft:deepslate_coal_ore":4,"minecraft:deepslate_gold_ore":14,"minecraft:lapis_ore":3,"minecraft:oak_planks":33,"minecraft:birch_leaves":2,"minecraft:yellow_bed":3,"minecraft:grass":5,"minecraft:coal_ore":40,"minecraft:oak_log":2,"minecraft:gravel":1,"minecraft:sand":160,"minecraft:dirt":98,"minecraft:oak_leaves":4,"minecraft:deepslate":15},"minecraft:used":{"minecraft:iron_shovel":250,"minecraft:ladder":5,"minecraft:shield":21,"minecraft:chest":10,"minecraft:iron_chestplate":1,"minecraft:dirt":23,"minecraft:mutton":1,"minecraft:carrot":1,"minecraft:wooden_axe":15,"minecraft:dark_oak_planks":3,"minecraft:iron_axe":80,"minecraft:grass_block":2,"minecraft:iron_boots":1,"minecraft:light_gray_wool":1,"minecraft:golden_carrot":3,"minecraft:bow":1,"minecraft:furnace":6,"minecraft:cooked_beef":1,"minecraft:cobbled_deepslate":16,"minecraft:iron_leggings":1,"minecraft:pointed_dripstone":1,"minecraft:cooked_mutton":1,"minecraft:stone_pickaxe":131,"minecraft:oak_planks":35,"minecraft:wooden_pickaxe":27,"minecraft:white_wool":4,"minecraft:crafting_table":9,"minecraft:white_bed":1,"minecraft:bread":52,"minecraft:iron_pickaxe":91,"minecraft:stone_axe":68,"minecraft:cobblestone":47,"minecraft:andesite":9,"minecraft:yellow_bed":2,"minecraft:oak_boat":2},"minecraft:killed_by":{"minecraft:player":3},"minecraft:dropped":{"minecraft:bread":32,"minecraft:wheat_seeds":5,"minecraft:feather":2,"minecraft:dirt":2,"minecraft:wooden_axe":1,"minecraft:bone_meal":1,"minecraft:rotten_flesh":8,"minecraft:iron_chestplate":1,"minecraft:wooden_pickaxe":1}},"DataVersion":3465}