{"stats":{"minecraft:broken":{"minecraft:stone_pickaxe":1},"minecraft:picked_up":{"minecraft:crafting_table":6,"minecraft:andesite":5,"minecraft:brown_wool":1,"minecraft:oak_log":2,"minecraft:gunpowder":1,"minecraft:dirt":2,"minecraft:bone":5,"minecraft:iron_ingot":4,"minecraft:beef":3,"minecraft:furnace":3,"minecraft:raw_iron":44,"minecraft:porkchop":2,"minecraft:pointed_dripstone":1,"minecraft:carrot":1,"minecraft:dark_oak_log":16,"minecraft:dark_oak_planks":12,"minecraft:arrow":4,"minecraft:rotten_flesh":5,"minecraft:cobblestone":57,"minecraft:coal":86,"minecraft:mutton":2,"minecraft:cod":1,"minecraft:white_wool":2},"minecraft:custom":{"minecraft:interact_with_furnace":32,"minecraft:mob_kills":6,"minecraft:interact_with_crafting_table":21,"minecraft:leave_game":3,"minecraft:time_since_death":35106,"minecraft:time_since_rest":35349,"minecraft:sprint_one_cm":123552,"minecraft:damage_taken":1983,"minecraft:walk_one_cm":94592,"minecraft:damage_blocked_by_shield":300,"minecraft:drop":6,"minecraft:damage_dealt":1282,"minecraft:swim_one_cm":12449,"minecraft:fly_one_cm":96796,"minecraft:player_kills":2,"minecraft:crouch_one_cm":47,"minecraft:play_time":42197,"minecraft:deaths":5,"minecraft:sneak_time":15,"minecraft:walk_under_water_one_cm":5683,"minecraft:jump":780,"minecraft:walk_on_water_one_cm":10683,"minecraft:total_world_time":42197,"minecraft:fall_one_cm":22064},"minecraft:killed":{"minecraft:sheep":1,"minecraft:skeleton":2,"minecraft:zombie":2,"minecraft:cow":1},"minecraft:crafted":{"minecraft:cooked_beef":1,"minecraft:oak_planks":8,"minecraft:crafting_table":2,"minecraft:wooden_pickaxe":1,"minecraft:iron_helmet":1,"minecraft:furnace":1,"minecraft:stone_axe":1,"minecraft:cooked_mutton":1,"minecraft:iron_boots":1,"minecraft:iron_chestplate":2,"minecraft:shield":1,"minecraft:iron_axe":1,"minecraft:stick":12,"minecraft:iron_ingot":35,"minecraft:iron_pickaxe":1,"minecraft:stone_pickaxe":1,"minecraft:wooden_axe":1,"minecraft:iron_leggings":1,"minecraft:dark_oak_planks":56},"minecraft:mined":{"minecraft:dark_oak_leaves":1,"minecraft:dark_oak_log":16,"minecraft:crafting_table":6,"minecraft:grass_block":1,"minecraft:deepslate_coal_ore":4,"minecraft:furnace":3,"minecraft:iron_ore":44,"minecraft:andesite":5,"minecraft:grass":2,"minecraft:oak_log":2,"minecraft:pointed_dripstone":1,"minecraft:coal_ore":40,"minecraft:stone":59,"minecraft:oak_leaves":4},"minecraft:used":{"minecraft:stone_pickaxe":131,"minecraft:wooden_pickaxe":25,"minecraft:shield":5,"minecraft:iron_chestplate":1,"minecraft:white_wool":1,"minecraft:mutton":1,"minecraft:crafting_table":8,"minecraft:carrot":1,"minecraft:wooden_axe":15,"minecraft:bread":22,"minecraft:iron_boots":1,"minecraft:stone_axe":21,"minecraft:cobblestone":24,"minecraft:furnace":4,"minecraft:andesite":5,"minecraft:iron_leggings":1,"minecraft:pointed_dripstone":1},"minecraft:dropped":{"minecraft:rotten_flesh":2,"minecraft:dirt":2,"minecraft:iron_chestplate":1,"minecraft:wooden_axe":1},"minecraft:killed_by":{"minecraft:player":3}},"DataVersion":3465}