{"stats":{"minecraft:broken":{"minecraft:stone_pickaxe":1},"minecraft:picked_up":{"minecraft:crafting_table":7,"minecraft:andesite":9,"minecraft:brown_wool":1,"minecraft:oak_log":2,"minecraft:gunpowder":1,"minecraft:lapis_lazuli":37,"minecraft:dirt":2,"minecraft:bone":5,"minecraft:cobbled_deepslate":11,"minecraft:iron_ingot":9,"minecraft:beef":3,"minecraft:furnace":4,"minecraft:raw_iron":61,"minecraft:torch":1,"minecraft:porkchop":2,"minecraft:pointed_dripstone":1,"minecraft:carrot":1,"minecraft:dark_oak_log":16,"minecraft:dark_oak_planks":12,"minecraft:arrow":4,"minecraft:rotten_flesh":6,"minecraft:bread":8,"minecraft:cobblestone":61,"minecraft:coal":115,"minecraft:mutton":2,"minecraft:cod":1,"minecraft:white_wool":2},"minecraft:custom":{"minecraft:interact_with_furnace":36,"minecraft:mob_kills":8,"minecraft:interact_with_crafting_table":21,"minecraft:leave_game":3,"minecraft:time_since_death":47106,"minecraft:time_since_rest":47349,"minecraft:sprint_one_cm":161328,"minecraft:damage_taken":2460,"minecraft:walk_one_cm":125455,"minecraft:damage_blocked_by_shield":480,"minecraft:drop":6,"minecraft:damage_dealt":1542,"minecraft:swim_one_cm":12449,"minecraft:fly_one_cm":122712,"minecraft:player_kills":2,"minecraft:crouch_one_cm":47,"minecraft:play_time":54197,"minecraft:deaths":5,"minecraft:sneak_time":16,"minecraft:walk_under_water_one_cm":5683,"minecraft:jump":1022,"minecraft:walk_on_water_one_cm":10683,"minecraft:total_world_time":54197,"minecraft:fall_one_cm":29166},"minecraft:killed":{"minecraft:sheep":1,"minecraft:skeleton":2,"minecraft:zombie":4,"minecraft:cow":1},"minecraft:crafted":{"minecraft:cooked_beef":1,"minecraft:oak_planks":8,"minecraft:crafting_table":2,"minecraft:wooden_pickaxe":1,"minecraft:iron_helmet":1,"minecraft:furnace":1,"minecraft:stone_axe":1,"minecraft:cooked_mutton":1,"minecraft:iron_boots":1,"minecraft:iron_chestplate":2,"minecraft:shield":1,"minecraft:iron_axe":1,"minecraft:stick":12,"minecraft:iron_ingot":35,"minecraft:iron_pickaxe":1,"minecraft:stone_pickaxe":1,"minecraft:wooden_axe":1,"minecraft:iron_leggings":1,"minecraft:dark_oak_planks":56},"minecraft:mined":{"minecraft:dark_oak_leaves":1,"minecraft:dark_oak_log":16,"minecraft:crafting_table":7,"minecraft:grass_block":1,"minecraft:cobblestone":2,"minecraft:deepslate_coal_ore":4,"minecraft:lapis_ore":3,"minecraft:furnace":4,"minecraft:iron_ore":44,"minecraft:andesite":6,"minecraft:deepslate_lapis_ore":3,"minecraft:grass":2,"minecraft:oak_log":2,"minecraft:pointed_dripstone":1,"minecraft:coal_ore":40,"minecraft:deepslate_iron_ore":17,"minecraft:stone":61,"minecraft:deepslate":11,"minecraft:oak_leaves":4},"minecraft:used":{"minecraft:stone_pickaxe":131,"minecraft:wooden_pickaxe":27,"minecraft:shield":8,"minecraft:iron_chestplate":1,"minecraft:white_wool":1,"minecraft:mutton":1,"minecraft:crafting_table":8,"minecraft:carrot":1,"minecraft:wooden_axe":15,"minecraft:bread":34,"minecraft:iron_pickaxe":39,"minecraft:iron_boots":1,"minecraft:stone_axe":27,"minecraft:cobblestone":33,"minecraft:furnace":5,"minecraft:andesite":9,"minecraft:iron_leggings":1,"minecraft:pointed_dripstone":1},"minecraft:dropped":{"minecraft:rotten_flesh":2,"minecraft:dirt":2,"minecraft:iron_chestplate":1,"minecraft:wooden_axe":1},"minecraft:killed_by":{"minecraft:player":3}},"DataVersion":3465}