{"stats":{"minecraft:dropped":{"minecraft:iron_ingot":1,"minecraft:stone_axe":1,"minecraft:wheat_seeds":3,"minecraft:birch_sapling":6,"minecraft:feather":6,"minecraft:white_bed":1,"minecraft:coal":1,"minecraft:stick":2,"minecraft:dirt":3,"minecraft:wooden_axe":3,"minecraft:brown_wool":1,"minecraft:oak_sapling":3,"minecraft:wooden_pickaxe":2},"minecraft:picked_up":{"minecraft:birch_log":55,"minecraft:crafting_table":11,"minecraft:feather":7,"minecraft:cooked_beef":6,"minecraft:chicken":7,"minecraft:andesite":2,"minecraft:brown_wool":1,"minecraft:leather":22,"minecraft:birch_planks":174,"minecraft:oak_log":35,"minecraft:shield":1,"minecraft:gunpowder":2,"minecraft:dirt":24,"minecraft:string":3,"minecraft:raw_copper":6,"minecraft:cooked_mutton":2,"minecraft:bone":4,"minecraft:bow":1,"minecraft:wheat_seeds":3,"minecraft:iron_ingot":4,"minecraft:beef":18,"minecraft:stone_pickaxe":4,"minecraft:iron_pickaxe":1,"minecraft:light_gray_wool":1,"minecraft:oak_planks":5,"minecraft:birch_sapling":8,"minecraft:furnace":11,"minecraft:egg":3,"minecraft:raw_iron":31,"minecraft:stick":16,"minecraft:cooked_porkchop":15,"minecraft:torch":10,"minecraft:gravel":1,"minecraft:porkchop":49,"minecraft:diorite":3,"minecraft:white_bed":4,"minecraft:arrow":2,"minecraft:rotten_flesh":6,"minecraft:stone_axe":4,"minecraft:hay_block":58,"minecraft:bread":168,"minecraft:oak_sapling":3,"minecraft:black_wool":1,"minecraft:mutton":61,"minecraft:coal":291,"minecraft:white_wool":30,"minecraft:cobblestone":148,"minecraft:wooden_axe":1},"minecraft:mined":{"minecraft:white_bed":4,"minecraft:crafting_table":11,"minecraft:torch":6,"minecraft:grass_block":9,"minecraft:tall_grass":1,"minecraft:oak_planks":5,"minecraft:wall_torch":1,"minecraft:hay_block":58,"minecraft:furnace":8,"minecraft:birch_log":58,"minecraft:iron_ore":31,"minecraft:birch_leaves":10,"minecraft:andesite":2,"minecraft:grass":13,"minecraft:coal_ore":156,"minecraft:oak_log":36,"minecraft:dirt":11,"minecraft:stone":99,"minecraft:oak_leaves":5},"minecraft:killed_by":{"minecraft:skeleton":2,"minecraft:zombie":1},"minecraft:killed":{"minecraft:pig":23,"minecraft:sheep":28,"minecraft:skeleton":3,"minecraft:zombie":1,"minecraft:chicken":6,"minecraft:cow":6},"minecraft:custom":{"minecraft:interact_with_furnace":49,"minecraft:mob_kills":70,"minecraft:interact_with_crafting_table":33,"minecraft:bell_ring":10,"minecraft:leave_game":8,"minecraft:time_since_death":72363,"minecraft:sleep_in_bed":2,"minecraft:climb_one_cm":1351,"minecraft:time_since_rest":14580,"minecraft:sprint_one_cm":438575,"minecraft:damage_taken":3239,"minecraft:walk_one_cm":285792,"minecraft:damage_blocked_by_shield":1485,"minecraft:drop":25,"minecraft:damage_dealt":6699,"minecraft:swim_one_cm":58029,"minecraft:talked_to_villager":3,"minecraft:fly_one_cm":287784,"minecraft:open_chest":14,"minecraft:play_time":114228,"minecraft:deaths":5,"minecraft:sneak_time":17,"minecraft:walk_under_water_one_cm":12502,"minecraft:interact_with_brewingstand":1,"minecraft:jump":2126,"minecraft:walk_on_water_one_cm":31457,"minecraft:total_world_time":114228,"minecraft:fall_one_cm":49839},"minecraft:used":{"minecraft:cooked_mutton":5,"minecraft:diorite":3,"minecraft:birch_planks":2,"minecraft:stone_pickaxe":193,"minecraft:oak_planks":3,"minecraft:chest":2,"minecraft:wooden_pickaxe":54,"minecraft:shield":22,"minecraft:torch":9,"minecraft:dirt":21,"minecraft:crafting_table":9,"minecraft:white_bed":3,"minecraft:wooden_axe":46,"minecraft:black_wool":1,"minecraft:iron_pickaxe":70,"minecraft:iron_axe":84,"minecraft:bread":28,"minecraft:birch_sapling":2,"minecraft:map":2,"minecraft:gravel":1,"minecraft:stone_axe":117,"minecraft:light_gray_wool":1,"minecraft:cobblestone":40,"minecraft:furnace":10,"minecraft:cooked_porkchop":4,"minecraft:andesite":2,"minecraft:birch_log":1,"minecraft:egg":3,"minecraft:cooked_beef":1},"minecraft:broken":{"minecraft:stone_pickaxe":1,"minecraft:wooden_axe":1,"minecraft:wooden_pickaxe":1},"minecraft:crafted":{"minecraft:cooked_beef":4,"minecraft:oak_planks":140,"minecraft:cooked_porkchop":10,"minecraft:crafting_table":2,"minecraft:wooden_pickaxe":3,"minecraft:furnace":3,"minecraft:birch_planks":216,"minecraft:stone_axe":2,"minecraft:bread":174,"minecraft:cooked_mutton":10,"minecraft:iron_boots":1,"minecraft:iron_chestplate":1,"minecraft:shield":2,"minecraft:iron_axe":2,"minecraft:stick":32,"minecraft:iron_ingot":32,"minecraft:iron_pickaxe":3,"minecraft:stone_pickaxe":2,"minecraft:wooden_axe":3,"minecraft:chest":2,"minecraft:white_bed":2,"minecraft:torch":16,"minecraft:wheat":522}},"DataVersion":3465}