{"stats":{"minecraft:dropped":{"minecraft:iron_ingot":1,"minecraft:stone_axe":1,"minecraft:wheat_seeds":3,"minecraft:birch_sapling":6,"minecraft:feather":6,"minecraft:white_bed":1,"minecraft:coal":1,"minecraft:stick":2,"minecraft:dirt":3,"minecraft:wooden_axe":3,"minecraft:brown_wool":1,"minecraft:oak_sapling":3,"minecraft:spider_eye":1,"minecraft:wooden_pickaxe":2},"minecraft:picked_up":{"minecraft:birch_log":55,"minecraft:iron_chestplate":1,"minecraft:crafting_table":13,"minecraft:feather":7,"minecraft:cooked_beef":17,"minecraft:chicken":12,"minecraft:andesite":2,"minecraft:brown_wool":1,"minecraft:leather":26,"minecraft:dark_oak_boat":2,"minecraft:potato":54,"minecraft:birch_planks":260,"minecraft:oak_log":35,"minecraft:shield":2,"minecraft:gunpowder":4,"minecraft:dirt":28,"minecraft:string":10,"minecraft:iron_axe":1,"minecraft:raw_copper":6,"minecraft:cooked_mutton":30,"minecraft:bone":12,"minecraft:apple":17,"minecraft:bow":1,"minecraft:wheat_seeds":3,"minecraft:gold_nugget":2,"minecraft:iron_ingot":9,"minecraft:beef":18,"minecraft:stone_pickaxe":4,"minecraft:iron_pickaxe":3,"minecraft:light_gray_wool":1,"minecraft:oak_planks":147,"minecraft:birch_sapling":8,"minecraft:iron_boots":1,"minecraft:furnace":16,"minecraft:egg":3,"minecraft:raw_iron":32,"minecraft:stick":20,"minecraft:cooked_porkchop":82,"minecraft:torch":26,"minecraft:gravel":1,"minecraft:porkchop":53,"minecraft:diorite":3,"minecraft:white_bed":4,"minecraft:spider_eye":2,"minecraft:arrow":3,"minecraft:rotten_flesh":12,"minecraft:stone_axe":4,"minecraft:hay_block":58,"minecraft:gold_ingot":1,"minecraft:emerald":2,"minecraft:bread":298,"minecraft:baked_potato":1,"minecraft:dark_oak_fence":4,"minecraft:netherrack":10,"minecraft:oak_sapling":3,"minecraft:black_wool":1,"minecraft:mutton":61,"minecraft:coal":433,"minecraft:white_wool":46,"minecraft:cobblestone":168,"minecraft:wooden_axe":1},"minecraft:mined":{"minecraft:white_bed":4,"minecraft:crafting_table":11,"minecraft:torch":6,"minecraft:grass_block":9,"minecraft:tall_grass":1,"minecraft:oak_planks":8,"minecraft:wall_torch":1,"minecraft:hay_block":58,"minecraft:furnace":11,"minecraft:birch_log":58,"minecraft:iron_ore":31,"minecraft:birch_leaves":10,"minecraft:andesite":2,"minecraft:grass":13,"minecraft:coal_ore":156,"minecraft:oak_log":36,"minecraft:dirt":11,"minecraft:stone":101,"minecraft:oak_leaves":5},"minecraft:killed_by":{"minecraft:skeleton":2,"minecraft:creeper":1,"minecraft:zombie":1},"minecraft:killed":{"minecraft:pig":23,"minecraft:spider":2,"minecraft:sheep":28,"minecraft:skeleton":3,"minecraft:zombie":4,"minecraft:chicken":6,"minecraft:cow":6},"minecraft:custom":{"minecraft:interact_with_furnace":68,"minecraft:mob_kills":75,"minecraft:interact_with_crafting_table":34,"minecraft:bell_ring":10,"minecraft:leave_game":8,"minecraft:time_since_death":6074,"minecraft:sleep_in_bed":2,"minecraft:climb_one_cm":1351,"minecraft:time_since_rest":6141,"minecraft:sprint_one_cm":510625,"minecraft:damage_taken":3952,"minecraft:walk_one_cm":324333,"minecraft:damage_blocked_by_shield":1980,"minecraft:drop":26,"minecraft:damage_dealt":7527,"minecraft:swim_one_cm":66397,"minecraft:talked_to_villager":3,"minecraft:fly_one_cm":375084,"minecraft:open_chest":25,"minecraft:crouch_one_cm":163,"minecraft:play_time":138228,"minecraft:deaths":6,"minecraft:sneak_time":382,"minecraft:walk_under_water_one_cm":13218,"minecraft:boat_one_cm":59226,"minecraft:interact_with_brewingstand":1,"minecraft:jump":2538,"minecraft:walk_on_water_one_cm":34220,"minecraft:total_world_time":138228,"minecraft:fall_one_cm":58777},"minecraft:used":{"minecraft:cooked_mutton":5,"minecraft:diorite":3,"minecraft:birch_planks":2,"minecraft:stone_pickaxe":193,"minecraft:baked_potato":2,"minecraft:oak_planks":3,"minecraft:chest":2,"minecraft:wooden_pickaxe":54,"minecraft:shield":36,"minecraft:torch":9,"minecraft:dirt":21,"minecraft:crafting_table":10,"minecraft:white_bed":3,"minecraft:wooden_axe":46,"minecraft:black_wool":1,"minecraft:iron_pickaxe":75,"minecraft:iron_axe":100,"minecraft:bread":31,"minecraft:birch_sapling":2,"minecraft:map":2,"minecraft:gravel":1,"minecraft:stone_axe":117,"minecraft:light_gray_wool":1,"minecraft:cobblestone":40,"minecraft:furnace":13,"minecraft:cooked_porkchop":4,"minecraft:andesite":2,"minecraft:birch_log":1,"minecraft:egg":3,"minecraft:cooked_beef":3},"minecraft:broken":{"minecraft:stone_pickaxe":1,"minecraft:wooden_axe":1,"minecraft:wooden_pickaxe":1},"minecraft:crafted":{"minecraft:cooked_beef":4,"minecraft:oak_planks":140,"minecraft:cooked_porkchop":10,"minecraft:crafting_table":2,"minecraft:baked_potato":12,"minecraft:wooden_pickaxe":3,"minecraft:furnace":3,"minecraft:birch_planks":216,"minecraft:stone_axe":2,"minecraft:bread":174,"minecraft:cooked_mutton":31,"minecraft:bow":1,"minecraft:iron_boots":1,"minecraft:iron_chestplate":1,"minecraft:shield":2,"minecraft:iron_axe":2,"minecraft:stick":32,"minecraft:iron_ingot":32,"minecraft:iron_pickaxe":3,"minecraft:stone_pickaxe":2,"minecraft:wooden_axe":3,"minecraft:chest":2,"minecraft:white_bed":2,"minecraft:torch":16,"minecraft:wheat":522}},"DataVersion":3465}