{"stats":{"minecraft:dropped":{"minecraft:stone_axe":1,"minecraft:birch_sapling":6,"minecraft:white_bed":1,"minecraft:stick":2,"minecraft:dirt":3,"minecraft:wooden_axe":1,"minecraft:wooden_pickaxe":1},"minecraft:picked_up":{"minecraft:birch_log":22,"minecraft:crafting_table":4,"minecraft:feather":1,"minecraft:chicken":1,"minecraft:leather":4,"minecraft:birch_planks":6,"minecraft:dirt":12,"minecraft:beef":5,"minecraft:birch_sapling":6,"minecraft:furnace":2,"minecraft:egg":3,"minecraft:stick":5,"minecraft:raw_iron":1,"minecraft:torch":1,"minecraft:gravel":1,"minecraft:porkchop":7,"minecraft:diorite":3,"minecraft:white_bed":2,"minecraft:rotten_flesh":1,"minecraft:stone_axe":1,"minecraft:black_wool":1,"minecraft:mutton":6,"minecraft:coal":55,"minecraft:white_wool":3,"minecraft:cobblestone":54},"minecraft:mined":{"minecraft:white_bed":2,"minecraft:crafting_table":4,"minecraft:grass_block":5,"minecraft:furnace":2,"minecraft:birch_log":24,"minecraft:iron_ore":1,"minecraft:birch_leaves":4,"minecraft:grass":2,"minecraft:coal_ore":33,"minecraft:dirt":3,"minecraft:stone":37},"minecraft:killed":{"minecraft:pig":4,"minecraft:sheep":4,"minecraft:chicken":1,"minecraft:cow":2},"minecraft:custom":{"minecraft:interact_with_furnace":12,"minecraft:mob_kills":11,"minecraft:interact_with_crafting_table":7,"minecraft:leave_game":3,"minecraft:time_since_death":29306,"minecraft:sleep_in_bed":1,"minecraft:time_since_rest":2395,"minecraft:sprint_one_cm":96317,"minecraft:damage_taken":300,"minecraft:walk_one_cm":66398,"minecraft:drop":12,"minecraft:damage_dealt":1119,"minecraft:swim_one_cm":9724,"minecraft:fly_one_cm":52990,"minecraft:play_time":29306,"minecraft:sneak_time":3,"minecraft:walk_under_water_one_cm":2813,"minecraft:jump":564,"minecraft:walk_on_water_one_cm":7993,"minecraft:total_world_time":29306,"minecraft:fall_one_cm":10114},"minecraft:used":{"minecraft:diorite":3,"minecraft:stone_pickaxe":37,"minecraft:wooden_pickaxe":50,"minecraft:dirt":9,"minecraft:crafting_table":3,"minecraft:white_bed":1,"minecraft:wooden_axe":43,"minecraft:black_wool":1,"minecraft:bread":6,"minecraft:gravel":1,"minecraft:stone_axe":6,"minecraft:cobblestone":40,"minecraft:furnace":2,"minecraft:cooked_porkchop":1,"minecraft:egg":3,"minecraft:cooked_beef":1},"minecraft:broken":{"minecraft:wooden_axe":1,"minecraft:wooden_pickaxe":1},"minecraft:crafted":{"minecraft:cooked_beef":3,"minecraft:cooked_porkchop":6,"minecraft:crafting_table":1,"minecraft:wooden_pickaxe":2,"minecraft:furnace":1,"minecraft:birch_planks":88,"minecraft:stone_axe":1,"minecraft:stick":12,"minecraft:iron_ingot":1,"minecraft:stone_pickaxe":1,"minecraft:wooden_axe":2,"minecraft:white_bed":1}},"DataVersion":3465}