{"stats":{"minecraft:picked_up":{"minecraft:crafting_table":13,"minecraft:iron_chestplate":2,"minecraft:chicken":12,"minecraft:golden_sword":2,"minecraft:shield":2,"minecraft:string":10,"minecraft:iron_axe":1,"minecraft:raw_copper":6,"minecraft:iron_leggings":1,"minecraft:gold_nugget":5,"minecraft:bucket":1,"minecraft:beef":18,"minecraft:iron_pickaxe":3,"minecraft:light_gray_wool":1,"minecraft:birch_sapling":8,"minecraft:furnace":17,"minecraft:iron_boots":2,"minecraft:egg":3,"minecraft:stick":20,"minecraft:raw_iron":32,"minecraft:torch":26,"minecraft:porkchop":53,"minecraft:diorite":3,"minecraft:carrot":4,"minecraft:arrow":3,"minecraft:rotten_flesh":19,"minecraft:hay_block":58,"minecraft:gold_ingot":1,"minecraft:mutton":61,"minecraft:cobblestone":168,"minecraft:white_wool":46,"minecraft:birch_log":55,"minecraft:feather":7,"minecraft:cooked_beef":17,"minecraft:andesite":2,"minecraft:brown_wool":1,"minecraft:leather":26,"minecraft:dark_oak_boat":2,"minecraft:potato":67,"minecraft:birch_planks":260,"minecraft:oak_log":35,"minecraft:gunpowder":4,"minecraft:dirt":32,"minecraft:cooked_mutton":30,"minecraft:bone":12,"minecraft:apple":17,"minecraft:bow":1,"minecraft:wheat_seeds":4,"minecraft:iron_ingot":9,"minecraft:stone_pickaxe":4,"minecraft:iron_sword":1,"minecraft:oak_planks":155,"minecraft:cooked_porkchop":82,"minecraft:gravel":1,"minecraft:white_bed":4,"minecraft:spider_eye":3,"minecraft:stone_axe":4,"minecraft:iron_helmet":1,"minecraft:emerald":2,"minecraft:bread":298,"minecraft:baked_potato":1,"minecraft:oak_sapling":5,"minecraft:netherrack":16,"minecraft:black_wool":1,"minecraft:dark_oak_fence":4,"minecraft:coal":458,"minecraft:wooden_axe":1},"minecraft:dropped":{"minecraft:iron_ingot":1,"minecraft:wheat_seeds":3,"minecraft:feather":6,"minecraft:coal":1,"minecraft:stick":2,"minecraft:dirt":3,"minecraft:wooden_axe":3,"minecraft:brown_wool":1,"minecraft:stone_axe":1,"minecraft:birch_sapling":6,"minecraft:white_bed":1,"minecraft:oak_sapling":3,"minecraft:spider_eye":1,"minecraft:wooden_pickaxe":2},"minecraft:mined":{"minecraft:white_bed":4,"minecraft:grass_block":12,"minecraft:hay_block":58,"minecraft:furnace":12,"minecraft:iron_ore":31,"minecraft:andesite":2,"minecraft:stone":101,"minecraft:crafting_table":11,"minecraft:torch":6,"minecraft:tall_grass":1,"minecraft:oak_planks":10,"minecraft:wall_torch":1,"minecraft:birch_log":58,"minecraft:birch_leaves":10,"minecraft:grass":13,"minecraft:oak_log":36,"minecraft:coal_ore":156,"minecraft:dirt":13,"minecraft:netherrack":1,"minecraft:oak_leaves":5},"minecraft:killed_by":{"minecraft:creeper":1,"minecraft:skeleton":2,"minecraft:zombie":1},"minecraft:killed":{"minecraft:zombified_piglin":1,"minecraft:spider":2,"minecraft:skeleton":3,"minecraft:chicken":6,"minecraft:pig":23,"minecraft:sheep":28,"minecraft:zombie":4,"minecraft:cow":6},"minecraft:custom":{"minecraft:mob_kills":76,"minecraft:interact_with_crafting_table":39,"minecraft:bell_ring":10,"minecraft:leave_game":9,"minecraft:time_since_death":1299,"minecraft:climb_one_cm":1351,"minecraft:sprint_one_cm":590620,"minecraft:walk_one_cm":368993,"minecraft:damage_blocked_by_shield":1980,"minecraft:drop":26,"minecraft:talked_to_villager":3,"minecraft:play_time":161889,"minecraft:deaths":7,"minecraft:sneak_time":426,"minecraft:walk_under_water_one_cm":13218,"minecraft:boat_one_cm":59226,"minecraft:jump":2966,"minecraft:interact_with_brewingstand":1,"minecraft:walk_on_water_one_cm":34220,"minecraft:total_world_time":161889,"minecraft:interact_with_furnace":88,"minecraft:sleep_in_bed":2,"minecraft:time_since_rest":1481,"minecraft:damage_taken":4510,"minecraft:damage_dealt":7619,"minecraft:fly_one_cm":459511,"minecraft:swim_one_cm":66397,"minecraft:open_chest":36,"minecraft:crouch_one_cm":172,"minecraft:fall_one_cm":71355},"minecraft:used":{"minecraft:chest":2,"minecraft:shield":36,"minecraft:netherrack":6,"minecraft:torch":9,"minecraft:dirt":25,"minecraft:wooden_axe":46,"minecraft:iron_axe":104,"minecraft:birch_sapling":2,"minecraft:light_gray_wool":1,"minecraft:bow":4,"minecraft:furnace":13,"minecraft:egg":3,"minecraft:cooked_beef":3,"minecraft:cooked_mutton":5,"minecraft:water_bucket":1,"minecraft:diorite":3,"minecraft:birch_planks":3,"minecraft:stone_pickaxe":193,"minecraft:baked_potato":13,"minecraft:oak_planks":7,"minecraft:wooden_pickaxe":54,"minecraft:crafting_table":10,"minecraft:white_bed":3,"minecraft:black_wool":1,"minecraft:bread":31,"minecraft:iron_pickaxe":77,"minecraft:map":2,"minecraft:gravel":1,"minecraft:stone_axe":117,"minecraft:cobblestone":40,"minecraft:cooked_porkchop":4,"minecraft:andesite":2,"minecraft:birch_log":1,"minecraft:bucket":2},"minecraft:broken":{"minecraft:wooden_pickaxe":1,"minecraft:stone_pickaxe":1,"minecraft:wooden_axe":1},"minecraft:crafted":{"minecraft:golden_carrot":1,"minecraft:oak_planks":140,"minecraft:cooked_chicken":5,"minecraft:furnace":3,"minecraft:cooked_mutton":31,"minecraft:bow":1,"minecraft:iron_boots":1,"minecraft:iron_axe":3,"minecraft:stone_pickaxe":2,"minecraft:chest":2,"minecraft:wheat":522,"minecraft:cooked_beef":4,"minecraft:cooked_porkchop":12,"minecraft:crafting_table":2,"minecraft:wooden_pickaxe":3,"minecraft:baked_potato":67,"minecraft:birch_planks":216,"minecraft:stone_axe":2,"minecraft:bread":174,"minecraft:air":0,"minecraft:iron_chestplate":1,"minecraft:gold_nugget":9,"minecraft:shield":2,"minecraft:stick":36,"minecraft:iron_ingot":33,"minecraft:iron_pickaxe":3,"minecraft:wooden_axe":3,"minecraft:white_bed":2,"minecraft:torch":16}},"DataVersion":3465}