{"stats":{"minecraft:dropped":{"minecraft:iron_ingot":1,"minecraft:stone_axe":1,"minecraft:birch_sapling":6,"minecraft:white_bed":1,"minecraft:stick":2,"minecraft:dirt":3,"minecraft:wooden_axe":3,"minecraft:wooden_pickaxe":2},"minecraft:picked_up":{"minecraft:birch_log":28,"minecraft:crafting_table":5,"minecraft:cooked_beef":6,"minecraft:feather":1,"minecraft:chicken":2,"minecraft:leather":16,"minecraft:birch_planks":171,"minecraft:shield":1,"minecraft:string":2,"minecraft:dirt":12,"minecraft:raw_copper":6,"minecraft:bone":2,"minecraft:bow":1,"minecraft:iron_ingot":4,"minecraft:beef":11,"minecraft:stone_pickaxe":4,"minecraft:iron_pickaxe":1,"minecraft:birch_sapling":7,"minecraft:furnace":6,"minecraft:egg":3,"minecraft:stick":12,"minecraft:raw_iron":1,"minecraft:cooked_porkchop":15,"minecraft:torch":2,"minecraft:gravel":1,"minecraft:porkchop":10,"minecraft:diorite":3,"minecraft:white_bed":3,"minecraft:arrow":2,"minecraft:rotten_flesh":6,"minecraft:stone_axe":4,"minecraft:bread":168,"minecraft:black_wool":1,"minecraft:mutton":28,"minecraft:coal":143,"minecraft:white_wool":11,"minecraft:cobblestone":116,"minecraft:wooden_axe":1},"minecraft:mined":{"minecraft:white_bed":3,"minecraft:crafting_table":5,"minecraft:grass_block":5,"minecraft:furnace":3,"minecraft:birch_log":31,"minecraft:iron_ore":1,"minecraft:birch_leaves":5,"minecraft:grass":2,"minecraft:coal_ore":77,"minecraft:dirt":3,"minecraft:stone":71},"minecraft:killed_by":{"minecraft:skeleton":2,"minecraft:zombie":1},"minecraft:killed":{"minecraft:pig":4,"minecraft:skeleton":2,"minecraft:sheep":6,"minecraft:chicken":1,"minecraft:cow":2},"minecraft:custom":{"minecraft:interact_with_furnace":16,"minecraft:mob_kills":16,"minecraft:interact_with_crafting_table":13,"minecraft:leave_game":4,"minecraft:time_since_death":2077,"minecraft:sleep_in_bed":1,"minecraft:time_since_rest":2175,"minecraft:sprint_one_cm":143677,"minecraft:damage_taken":2350,"minecraft:walk_one_cm":108003,"minecraft:damage_blocked_by_shield":600,"minecraft:drop":16,"minecraft:damage_dealt":1928,"minecraft:swim_one_cm":9724,"minecraft:fly_one_cm":93759,"minecraft:play_time":43942,"minecraft:deaths":5,"minecraft:sneak_time":3,"minecraft:walk_under_water_one_cm":2825,"minecraft:jump":873,"minecraft:walk_on_water_one_cm":9780,"minecraft:total_world_time":43942,"minecraft:fall_one_cm":27836},"minecraft:used":{"minecraft:diorite":3,"minecraft:stone_pickaxe":112,"minecraft:shield":10,"minecraft:wooden_pickaxe":54,"minecraft:torch":1,"minecraft:dirt":9,"minecraft:crafting_table":4,"minecraft:white_bed":1,"minecraft:wooden_axe":46,"minecraft:black_wool":1,"minecraft:bread":12,"minecraft:birch_sapling":1,"minecraft:gravel":1,"minecraft:stone_axe":21,"minecraft:cobblestone":40,"minecraft:furnace":3,"minecraft:cooked_porkchop":1,"minecraft:birch_log":1,"minecraft:egg":3,"minecraft:cooked_beef":1},"minecraft:crafted":{"minecraft:cooked_beef":3,"minecraft:cooked_porkchop":6,"minecraft:crafting_table":2,"minecraft:wooden_pickaxe":3,"minecraft:furnace":1,"minecraft:birch_planks":108,"minecraft:stone_axe":2,"minecraft:shield":1,"minecraft:stick":20,"minecraft:iron_ingot":3,"minecraft:iron_pickaxe":1,"minecraft:stone_pickaxe":2,"minecraft:wooden_axe":3,"minecraft:white_bed":1},"minecraft:broken":{"minecraft:stone_pickaxe":1,"minecraft:wooden_axe":1,"minecraft:wooden_pickaxe":1}},"DataVersion":3465}