{"stats":{"minecraft:dropped":{"minecraft:iron_ingot":1,"minecraft:stone_axe":1,"minecraft:birch_sapling":6,"minecraft:feather":1,"minecraft:white_bed":1,"minecraft:stick":2,"minecraft:dirt":3,"minecraft:wooden_axe":3,"minecraft:wooden_pickaxe":2},"minecraft:picked_up":{"minecraft:wooden_axe":1,"minecraft:crafting_table":7,"minecraft:feather":5,"minecraft:cooked_beef":6,"minecraft:chicken":6,"minecraft:brown_wool":1,"minecraft:leather":18,"minecraft:birch_planks":174,"minecraft:shield":1,"minecraft:dirt":20,"minecraft:string":2,"minecraft:raw_copper":6,"minecraft:cooked_mutton":2,"minecraft:bone":2,"minecraft:bow":1,"minecraft:iron_ingot":4,"minecraft:beef":12,"minecraft:stone_pickaxe":4,"minecraft:iron_pickaxe":1,"minecraft:birch_sapling":8,"minecraft:egg":3,"minecraft:furnace":8,"minecraft:raw_iron":1,"minecraft:stick":13,"minecraft:cooked_porkchop":15,"minecraft:torch":2,"minecraft:gravel":1,"minecraft:porkchop":13,"minecraft:diorite":3,"minecraft:white_bed":3,"minecraft:arrow":2,"minecraft:rotten_flesh":6,"minecraft:stone_axe":4,"minecraft:bread":168,"minecraft:black_wool":1,"minecraft:mutton":35,"minecraft:coal":160,"minecraft:white_wool":16,"minecraft:cobblestone":126,"minecraft:birch_log":55},"minecraft:mined":{"minecraft:white_bed":3,"minecraft:crafting_table":7,"minecraft:grass_block":9,"minecraft:furnace":5,"minecraft:birch_log":58,"minecraft:iron_ore":1,"minecraft:birch_leaves":10,"minecraft:grass":4,"minecraft:coal_ore":86,"minecraft:dirt":7,"minecraft:stone":81},"minecraft:killed_by":{"minecraft:skeleton":2,"minecraft:zombie":1},"minecraft:killed":{"minecraft:pig":6,"minecraft:sheep":12,"minecraft:skeleton":2,"minecraft:chicken":5,"minecraft:cow":3},"minecraft:custom":{"minecraft:interact_with_furnace":33,"minecraft:mob_kills":30,"minecraft:interact_with_crafting_table":20,"minecraft:bell_ring":10,"minecraft:leave_game":5,"minecraft:time_since_death":17211,"minecraft:sleep_in_bed":1,"minecraft:time_since_rest":17309,"minecraft:sprint_one_cm":214553,"minecraft:damage_taken":2665,"minecraft:walk_one_cm":148919,"minecraft:damage_blocked_by_shield":600,"minecraft:drop":17,"minecraft:damage_dealt":2883,"minecraft:swim_one_cm":21620,"minecraft:fly_one_cm":130149,"minecraft:play_time":59076,"minecraft:deaths":5,"minecraft:sneak_time":3,"minecraft:walk_under_water_one_cm":3370,"minecraft:jump":1144,"minecraft:walk_on_water_one_cm":13510,"minecraft:total_world_time":59076,"minecraft:fall_one_cm":32771},"minecraft:used":{"minecraft:cooked_mutton":5,"minecraft:diorite":3,"minecraft:stone_pickaxe":134,"minecraft:wooden_pickaxe":54,"minecraft:shield":10,"minecraft:torch":1,"minecraft:dirt":17,"minecraft:crafting_table":5,"minecraft:white_bed":1,"minecraft:wooden_axe":46,"minecraft:black_wool":1,"minecraft:bread":12,"minecraft:birch_sapling":2,"minecraft:gravel":1,"minecraft:stone_axe":73,"minecraft:cobblestone":40,"minecraft:furnace":5,"minecraft:cooked_porkchop":1,"minecraft:birch_log":1,"minecraft:egg":3,"minecraft:cooked_beef":1},"minecraft:crafted":{"minecraft:cooked_beef":3,"minecraft:cooked_porkchop":9,"minecraft:crafting_table":2,"minecraft:wooden_pickaxe":3,"minecraft:furnace":2,"minecraft:birch_planks":132,"minecraft:stone_axe":2,"minecraft:cooked_mutton":3,"minecraft:shield":1,"minecraft:stick":20,"minecraft:iron_ingot":3,"minecraft:iron_pickaxe":1,"minecraft:stone_pickaxe":2,"minecraft:wooden_axe":3,"minecraft:white_bed":1},"minecraft:broken":{"minecraft:stone_pickaxe":1,"minecraft:wooden_axe":1,"minecraft:wooden_pickaxe":1}},"DataVersion":3465}