{"stats":{"minecraft:picked_up":{"minecraft:raw_iron":31,"minecraft:crafting_table":5,"minecraft:andesite":5,"minecraft:brown_wool":1,"minecraft:porkchop":2,"minecraft:oak_log":2,"minecraft:gunpowder":1,"minecraft:dirt":2,"minecraft:dark_oak_log":16,"minecraft:dark_oak_planks":12,"minecraft:bone":2,"minecraft:arrow":1,"minecraft:rotten_flesh":1,"minecraft:iron_ingot":4,"minecraft:beef":3,"minecraft:coal":44,"minecraft:mutton":2,"minecraft:cod":1,"minecraft:white_wool":2,"minecraft:cobblestone":50,"minecraft:furnace":2},"minecraft:custom":{"minecraft:time_since_rest":25351,"minecraft:interact_with_furnace":17,"minecraft:sprint_one_cm":100644,"minecraft:damage_taken":1621,"minecraft:walk_one_cm":67321,"minecraft:damage_blocked_by_shield":45,"minecraft:mob_kills":3,"minecraft:drop":3,"minecraft:damage_dealt":752,"minecraft:swim_one_cm":12449,"minecraft:interact_with_crafting_table":11,"minecraft:fly_one_cm":79216,"minecraft:player_kills":2,"minecraft:crouch_one_cm":47,"minecraft:play_time":32199,"minecraft:deaths":5,"minecraft:sneak_time":15,"minecraft:walk_under_water_one_cm":5683,"minecraft:jump":638,"minecraft:leave_game":2,"minecraft:time_since_death":25108,"minecraft:walk_on_water_one_cm":8761,"minecraft:total_world_time":32199,"minecraft:fall_one_cm":19117},"minecraft:killed":{"minecraft:sheep":1,"minecraft:zombie":1,"minecraft:cow":1},"minecraft:crafted":{"minecraft:cooked_beef":1,"minecraft:oak_planks":8,"minecraft:iron_boots":1,"minecraft:iron_chestplate":1,"minecraft:shield":1,"minecraft:crafting_table":1,"minecraft:stick":8,"minecraft:iron_helmet":1,"minecraft:iron_ingot":16,"minecraft:wooden_pickaxe":1,"minecraft:stone_pickaxe":1,"minecraft:wooden_axe":1,"minecraft:furnace":1,"minecraft:dark_oak_planks":56,"minecraft:stone_axe":1,"minecraft:cooked_mutton":1},"minecraft:mined":{"minecraft:furnace":2,"minecraft:dark_oak_leaves":1,"minecraft:iron_ore":31,"minecraft:dark_oak_log":16,"minecraft:andesite":5,"minecraft:crafting_table":5,"minecraft:grass":2,"minecraft:grass_block":1,"minecraft:coal_ore":23,"minecraft:oak_log":2,"minecraft:stone":52,"minecraft:oak_leaves":4},"minecraft:used":{"minecraft:wooden_axe":15,"minecraft:bread":17,"minecraft:stone_pickaxe":88,"minecraft:shield":1,"minecraft:wooden_pickaxe":25,"minecraft:iron_chestplate":1,"minecraft:white_wool":1,"minecraft:stone_axe":10,"minecraft:cobblestone":21,"minecraft:mutton":1,"minecraft:crafting_table":6,"minecraft:furnace":3,"minecraft:andesite":5},"minecraft:killed_by":{"minecraft:player":3},"minecraft:dropped":{"minecraft:dirt":2,"minecraft:wooden_axe":1}},"DataVersion":3465}