{"stats":{"minecraft:crafted":{"minecraft:oak_planks":8,"minecraft:crafting_table":2,"minecraft:stick":20,"minecraft:iron_ingot":1,"minecraft:wooden_pickaxe":1,"minecraft:stone_pickaxe":1,"minecraft:birch_planks":16,"minecraft:stone_axe":1},"minecraft:killed":{"minecraft:sheep":5},"minecraft:mined":{"minecraft:hay_block":7,"minecraft:iron_ore":3,"minecraft:birch_log":7,"minecraft:crafting_table":1,"minecraft:grass":6,"minecraft:grass_block":6,"minecraft:oak_log":10,"minecraft:dirt":4,"minecraft:stone":45,"minecraft:oak_leaves":8},"minecraft:picked_up":{"minecraft:birch_log":7,"minecraft:raw_iron":3,"minecraft:crafting_table":1,"minecraft:oak_log":10,"minecraft:dirt":10,"minecraft:bone":2,"minecraft:wheat_seeds":1,"minecraft:hay_block":7,"minecraft:oak_sapling":2,"minecraft:mutton":9,"minecraft:white_wool":5,"minecraft:cobblestone":45},"minecraft:custom":{"minecraft:time_since_rest":22368,"minecraft:sprint_one_cm":22,"minecraft:damage_taken":430,"minecraft:walk_one_cm":6179,"minecraft:mob_kills":5,"minecraft:damage_dealt":508,"minecraft:interact_with_crafting_table":9,"minecraft:swim_one_cm":21617,"minecraft:fly_one_cm":108150,"minecraft:open_chest":4,"minecraft:play_time":22368,"minecraft:sneak_time":110,"minecraft:walk_under_water_one_cm":3475,"minecraft:jump":401,"minecraft:leave_game":3,"minecraft:walk_on_water_one_cm":2526,"minecraft:time_since_death":22368,"minecraft:total_world_time":22368,"minecraft:fall_one_cm":16243},"minecraft:used":{"minecraft:bread":8,"minecraft:stone_pickaxe":30,"minecraft:oak_planks":1,"minecraft:wooden_pickaxe":25,"minecraft:stone_axe":17,"minecraft:dirt":4,"minecraft:crafting_table":3}},"DataVersion":3465}