{"stats":{"minecraft:crafted":{"minecraft:oak_planks":20,"minecraft:shield":1,"minecraft:crafting_table":2,"minecraft:stick":20,"minecraft:iron_pickaxe":1,"minecraft:iron_ingot":10,"minecraft:wooden_pickaxe":1,"minecraft:stone_pickaxe":1,"minecraft:iron_sword":1,"minecraft:furnace":1,"minecraft:birch_planks":16,"minecraft:stone_axe":1,"minecraft:air":0},"minecraft:killed":{"minecraft:sheep":5},"minecraft:mined":{"minecraft:hay_block":7,"minecraft:mossy_stone_brick_slab":1,"minecraft:iron_ore":45,"minecraft:birch_log":7,"minecraft:stone_brick_slab":1,"minecraft:andesite":13,"minecraft:stone_brick_stairs":2,"minecraft:crafting_table":1,"minecraft:grass":6,"minecraft:coal_ore":28,"minecraft:grass_block":6,"minecraft:oak_log":10,"minecraft:gravel":1,"minecraft:dirt":4,"minecraft:stone_slab":1,"minecraft:stone":177,"minecraft:netherrack":10,"minecraft:oak_leaves":8},"minecraft:picked_up":{"minecraft:birch_log":7,"minecraft:raw_iron":45,"minecraft:crafting_table":1,"minecraft:andesite":13,"minecraft:stone_brick_slab":1,"minecraft:stone_slab":1,"minecraft:gravel":1,"minecraft:stone_brick_stairs":2,"minecraft:oak_log":10,"minecraft:mossy_stone_brick_slab":1,"minecraft:dirt":10,"minecraft:bone":2,"minecraft:wheat_seeds":1,"minecraft:hay_block":7,"minecraft:oak_sapling":2,"minecraft:netherrack":6,"minecraft:mutton":9,"minecraft:coal":28,"minecraft:white_wool":5,"minecraft:cobblestone":175},"minecraft:custom":{"minecraft:time_since_rest":34368,"minecraft:interact_with_furnace":11,"minecraft:sprint_one_cm":22,"minecraft:damage_taken":500,"minecraft:walk_one_cm":7801,"minecraft:mob_kills":5,"minecraft:damage_dealt":508,"minecraft:interact_with_crafting_table":14,"minecraft:swim_one_cm":21617,"minecraft:fly_one_cm":127372,"minecraft:open_chest":16,"minecraft:crouch_one_cm":534,"minecraft:play_time":34368,"minecraft:sneak_time":399,"minecraft:walk_under_water_one_cm":3475,"minecraft:jump":549,"minecraft:leave_game":3,"minecraft:walk_on_water_one_cm":2526,"minecraft:time_since_death":34368,"minecraft:total_world_time":34368,"minecraft:fall_one_cm":18269},"minecraft:used":{"minecraft:bread":10,"minecraft:stone_pickaxe":63,"minecraft:iron_pickaxe":198,"minecraft:oak_planks":1,"minecraft:wooden_pickaxe":25,"minecraft:stone_brick_stairs":2,"minecraft:netherrack":6,"minecraft:stone_axe":17,"minecraft:dirt":4,"minecraft:cobblestone":30,"minecraft:crafting_table":3,"minecraft:furnace":1}},"DataVersion":3465}