{"stats":{"minecraft:picked_up":{"minecraft:birch_log":6,"minecraft:crafting_table":1,"minecraft:oak_log":5,"minecraft:dirt":8,"minecraft:spider_eye":3,"minecraft:string":1,"minecraft:oak_sapling":1,"minecraft:cobblestone":22},"minecraft:mined":{"minecraft:birch_log":6,"minecraft:birch_leaves":1,"minecraft:crafting_table":1,"minecraft:grass_block":1,"minecraft:oak_log":5,"minecraft:dirt":7,"minecraft:cobblestone":2,"minecraft:stone":20,"minecraft:oak_leaves":1,"minecraft:spawner":1},"minecraft:killed":{"minecraft:spider":4},"minecraft:custom":{"minecraft:time_since_rest":10918,"minecraft:sprint_one_cm":1940,"minecraft:damage_taken":230,"minecraft:walk_one_cm":8087,"minecraft:mob_kills":4,"minecraft:damage_dealt":630,"minecraft:interact_with_crafting_table":5,"minecraft:fly_one_cm":125722,"minecraft:open_chest":4,"minecraft:crouch_one_cm":1247,"minecraft:play_time":10918,"minecraft:sneak_time":921,"minecraft:jump":62,"minecraft:leave_game":1,"minecraft:time_since_death":10918,"minecraft:total_world_time":10918,"minecraft:fall_one_cm":2639},"minecraft:used":{"minecraft:stone_sword":23,"minecraft:bread":1,"minecraft:stone_pickaxe":15,"minecraft:wooden_pickaxe":15,"minecraft:stone_axe":6,"minecraft:dirt":4,"minecraft:cobblestone":4,"minecraft:crafting_table":1},"minecraft:crafted":{"minecraft:crafting_table":1,"minecraft:stick":8,"minecraft:wooden_pickaxe":1,"minecraft:stone_pickaxe":1,"minecraft:stone_sword":1,"minecraft:birch_planks":24,"minecraft:stone_axe":1}},"DataVersion":3465}