{"stats":{"minecraft:dropped":{"minecraft:birch_planks":1,"minecraft:iron_nugget":2,"minecraft:iron_horse_armor":1,"minecraft:pumpkin_seeds":6},"minecraft:picked_up":{"minecraft:birch_log":22,"minecraft:crafting_table":11,"minecraft:leather_chestplate":3,"minecraft:feather":4,"minecraft:chicken":8,"minecraft:andesite":7,"minecraft:leather":4,"minecraft:wooden_pickaxe":4,"minecraft:pink_wool":1,"minecraft:birch_planks":13,"minecraft:enchanted_book":1,"minecraft:flint":17,"minecraft:oak_log":17,"minecraft:shield":1,"minecraft:golden_sword":1,"minecraft:yellow_bed":2,"minecraft:gunpowder":8,"minecraft:dirt":70,"minecraft:string":23,"minecraft:name_tag":1,"minecraft:raw_copper":5,"minecraft:wooden_sword":3,"minecraft:flint_and_steel":6,"minecraft:music_disc_otherside":1,"minecraft:light_weighted_pressure_plate":1,"minecraft:stone_pickaxe":3,"minecraft:beef":6,"minecraft:iron_ingot":5,"minecraft:poppy":4,"minecraft:iron_nugget":19,"minecraft:iron_pickaxe":2,"minecraft:iron_sword":1,"minecraft:oak_planks":16,"minecraft:furnace":2,"minecraft:iron_boots":3,"minecraft:stick":73,"minecraft:raw_iron":10,"minecraft:music_disc_13":2,"minecraft:fire_charge":3,"minecraft:porkchop":19,"minecraft:golden_axe":1,"minecraft:iron_horse_armor":2,"minecraft:leather_helmet":3,"minecraft:spider_eye":7,"minecraft:pumpkin_seeds":6,"minecraft:stone_sword":3,"minecraft:rotten_flesh":18,"minecraft:beetroot_seeds":8,"minecraft:stone_axe":3,"minecraft:bread":16,"minecraft:golden_horse_armor":3,"minecraft:oak_sapling":4,"minecraft:mutton":12,"minecraft:coal":45,"minecraft:white_wool":7,"minecraft:cobblestone":353},"minecraft:mined":{"minecraft:crafting_table":7,"minecraft:grass_block":24,"minecraft:copper_ore":2,"minecraft:cobblestone":11,"minecraft:spawner":3,"minecraft:furnace":1,"minecraft:birch_log":22,"minecraft:iron_ore":5,"minecraft:fire":4,"minecraft:birch_leaves":8,"minecraft:yellow_bed":3,"minecraft:grass":4,"minecraft:oak_log":16,"minecraft:coal_ore":30,"minecraft:dirt":30,"minecraft:stone":235,"minecraft:oak_leaves":6},"minecraft:killed_by":{"minecraft:skeleton":1,"minecraft:creeper":1,"minecraft:zombie":1,"minecraft:iron_golem":1},"minecraft:killed":{"minecraft:pig":4,"minecraft:spider":9,"minecraft:iron_golem":1,"minecraft:sheep":4,"minecraft:zombie":10,"minecraft:chicken":4,"minecraft:cow":3},"minecraft:custom":{"minecraft:interact_with_furnace":7,"minecraft:mob_kills":35,"minecraft:interact_with_crafting_table":29,"minecraft:leave_game":2,"minecraft:time_since_death":13850,"minecraft:sleep_in_bed":3,"minecraft:time_since_rest":13887,"minecraft:sprint_one_cm":163272,"minecraft:damage_taken":2818,"minecraft:walk_one_cm":318550,"minecraft:damage_blocked_by_shield":45,"minecraft:drop":4,"minecraft:damage_dealt":5773,"minecraft:swim_one_cm":17998,"minecraft:fly_one_cm":467313,"minecraft:open_chest":20,"minecraft:crouch_one_cm":17401,"minecraft:play_time":80966,"minecraft:deaths":8,"minecraft:sneak_time":3519,"minecraft:walk_under_water_one_cm":5407,"minecraft:jump":1199,"minecraft:walk_on_water_one_cm":3044,"minecraft:total_world_time":80966,"minecraft:fall_one_cm":39019},"minecraft:used":{"minecraft:stone_sword":82,"minecraft:flint_and_steel":47,"minecraft:birch_planks":9,"minecraft:stone_pickaxe":92,"minecraft:shield":2,"minecraft:wooden_pickaxe":71,"minecraft:iron_sword":43,"minecraft:rotten_flesh":6,"minecraft:dirt":25,"minecraft:crafting_table":8,"minecraft:bread":4,"minecraft:iron_pickaxe":173,"minecraft:stone_axe":20,"minecraft:golden_sword":1,"minecraft:cobblestone":91,"minecraft:porkchop":1,"minecraft:furnace":2,"minecraft:cooked_porkchop":2,"minecraft:yellow_bed":1},"minecraft:crafted":{"minecraft:wooden_sword":1,"minecraft:oak_planks":44,"minecraft:cooked_porkchop":2,"minecraft:crafting_table":5,"minecraft:cooked_chicken":4,"minecraft:wooden_pickaxe":4,"minecraft:iron_sword":1,"minecraft:furnace":1,"minecraft:birch_planks":88,"minecraft:stone_axe":3,"minecraft:air":0,"minecraft:shield":1,"minecraft:stick":72,"minecraft:iron_ingot":4,"minecraft:iron_pickaxe":2,"minecraft:stone_pickaxe":4,"minecraft:wooden_axe":1,"minecraft:stone_sword":4}},"DataVersion":3465}