{"stats":{"minecraft:picked_up":{"minecraft:birch_log":13,"minecraft:crafting_table":4,"minecraft:leather_chestplate":2,"minecraft:wooden_pickaxe":2,"minecraft:pink_wool":1,"minecraft:birch_planks":8,"minecraft:flint":10,"minecraft:oak_log":10,"minecraft:dirt":25,"minecraft:string":1,"minecraft:wooden_sword":2,"minecraft:flint_and_steel":4,"minecraft:stone_pickaxe":1,"minecraft:beef":4,"minecraft:iron_ingot":4,"minecraft:poppy":2,"minecraft:iron_nugget":17,"minecraft:iron_boots":2,"minecraft:stick":13,"minecraft:raw_iron":5,"minecraft:music_disc_13":1,"minecraft:fire_charge":2,"minecraft:leather_helmet":2,"minecraft:spider_eye":3,"minecraft:stone_sword":1,"minecraft:rotten_flesh":2,"minecraft:stone_axe":1,"minecraft:golden_horse_armor":2,"minecraft:oak_sapling":2,"minecraft:mutton":4,"minecraft:coal":15,"minecraft:white_wool":1,"minecraft:cobblestone":110},"minecraft:mined":{"minecraft:crafting_table":3,"minecraft:grass_block":10,"minecraft:cobblestone":3,"minecraft:spawner":1,"minecraft:birch_log":13,"minecraft:iron_ore":5,"minecraft:fire":2,"minecraft:birch_leaves":6,"minecraft:grass":3,"minecraft:oak_log":10,"minecraft:coal_ore":13,"minecraft:dirt":11,"minecraft:stone":100,"minecraft:oak_leaves":5},"minecraft:killed_by":{"minecraft:skeleton":1,"minecraft:creeper":1,"minecraft:iron_golem":1},"minecraft:killed":{"minecraft:spider":4,"minecraft:iron_golem":1,"minecraft:sheep":1,"minecraft:cow":2},"minecraft:custom":{"minecraft:mob_kills":8,"minecraft:interact_with_crafting_table":13,"minecraft:leave_game":2,"minecraft:time_since_death":8055,"minecraft:sleep_in_bed":2,"minecraft:time_since_rest":5,"minecraft:sprint_one_cm":70263,"minecraft:damage_taken":1461,"minecraft:walk_one_cm":252655,"minecraft:damage_dealt":1964,"minecraft:swim_one_cm":3136,"minecraft:fly_one_cm":380681,"minecraft:open_chest":10,"minecraft:crouch_one_cm":14792,"minecraft:play_time":44966,"minecraft:deaths":4,"minecraft:sneak_time":1973,"minecraft:walk_under_water_one_cm":4398,"minecraft:jump":664,"minecraft:walk_on_water_one_cm":1593,"minecraft:total_world_time":44966,"minecraft:fall_one_cm":18939},"minecraft:used":{"minecraft:stone_sword":59,"minecraft:birch_planks":9,"minecraft:stone_pickaxe":17,"minecraft:wooden_pickaxe":40,"minecraft:rotten_flesh":6,"minecraft:dirt":11,"minecraft:crafting_table":3,"minecraft:bread":2,"minecraft:iron_pickaxe":81,"minecraft:stone_axe":13,"minecraft:cobblestone":17},"minecraft:crafted":{"minecraft:wooden_sword":1,"minecraft:oak_planks":20,"minecraft:crafting_table":3,"minecraft:wooden_pickaxe":2,"minecraft:birch_planks":52,"minecraft:stone_axe":2,"minecraft:stick":20,"minecraft:iron_ingot":1,"minecraft:iron_pickaxe":1,"minecraft:stone_pickaxe":2,"minecraft:stone_sword":2}},"DataVersion":3465}