{"stats":{"minecraft:picked_up":{"minecraft:birch_log":22,"minecraft:crafting_table":10,"minecraft:leather_chestplate":3,"minecraft:feather":4,"minecraft:chicken":4,"minecraft:leather":2,"minecraft:wooden_pickaxe":3,"minecraft:pink_wool":1,"minecraft:birch_planks":12,"minecraft:flint":15,"minecraft:oak_log":17,"minecraft:yellow_bed":2,"minecraft:dirt":54,"minecraft:string":2,"minecraft:wooden_sword":3,"minecraft:flint_and_steel":6,"minecraft:stone_pickaxe":2,"minecraft:beef":5,"minecraft:iron_ingot":5,"minecraft:poppy":4,"minecraft:iron_nugget":17,"minecraft:iron_pickaxe":1,"minecraft:oak_planks":16,"minecraft:furnace":1,"minecraft:iron_boots":3,"minecraft:stick":45,"minecraft:raw_iron":10,"minecraft:music_disc_13":1,"minecraft:fire_charge":3,"minecraft:porkchop":14,"minecraft:leather_helmet":3,"minecraft:spider_eye":5,"minecraft:stone_sword":2,"minecraft:rotten_flesh":2,"minecraft:stone_axe":2,"minecraft:bread":16,"minecraft:golden_horse_armor":3,"minecraft:oak_sapling":4,"minecraft:mutton":8,"minecraft:coal":28,"minecraft:white_wool":4,"minecraft:cobblestone":251},"minecraft:mined":{"minecraft:crafting_table":7,"minecraft:grass_block":23,"minecraft:cobblestone":9,"minecraft:spawner":2,"minecraft:furnace":1,"minecraft:birch_log":22,"minecraft:iron_ore":5,"minecraft:fire":4,"minecraft:birch_leaves":8,"minecraft:yellow_bed":3,"minecraft:grass":4,"minecraft:oak_log":16,"minecraft:coal_ore":13,"minecraft:dirt":28,"minecraft:stone":198,"minecraft:oak_leaves":6},"minecraft:killed_by":{"minecraft:skeleton":1,"minecraft:creeper":1,"minecraft:zombie":1,"minecraft:iron_golem":1},"minecraft:killed":{"minecraft:pig":4,"minecraft:spider":9,"minecraft:iron_golem":1,"minecraft:sheep":4,"minecraft:zombie":7,"minecraft:chicken":4,"minecraft:cow":3},"minecraft:custom":{"minecraft:interact_with_furnace":2,"minecraft:mob_kills":32,"minecraft:interact_with_crafting_table":28,"minecraft:leave_game":2,"minecraft:time_since_death":1850,"minecraft:sleep_in_bed":3,"minecraft:time_since_rest":1887,"minecraft:sprint_one_cm":159289,"minecraft:damage_taken":2693,"minecraft:walk_one_cm":306492,"minecraft:damage_dealt":5439,"minecraft:swim_one_cm":17998,"minecraft:fly_one_cm":465917,"minecraft:open_chest":17,"minecraft:crouch_one_cm":15768,"minecraft:play_time":68966,"minecraft:deaths":8,"minecraft:sneak_time":2619,"minecraft:walk_under_water_one_cm":5407,"minecraft:jump":1147,"minecraft:walk_on_water_one_cm":2251,"minecraft:total_world_time":68966,"minecraft:fall_one_cm":38139},"minecraft:used":{"minecraft:stone_sword":81,"minecraft:flint_and_steel":47,"minecraft:birch_planks":9,"minecraft:stone_pickaxe":52,"minecraft:wooden_pickaxe":71,"minecraft:iron_sword":38,"minecraft:rotten_flesh":6,"minecraft:dirt":24,"minecraft:crafting_table":8,"minecraft:bread":3,"minecraft:iron_pickaxe":151,"minecraft:stone_axe":20,"minecraft:golden_sword":1,"minecraft:cobblestone":66,"minecraft:porkchop":1,"minecraft:furnace":1,"minecraft:cooked_porkchop":2,"minecraft:yellow_bed":1},"minecraft:crafted":{"minecraft:wooden_sword":1,"minecraft:oak_planks":44,"minecraft:cooked_porkchop":2,"minecraft:crafting_table":5,"minecraft:wooden_pickaxe":4,"minecraft:iron_sword":1,"minecraft:furnace":1,"minecraft:birch_planks":88,"minecraft:stone_axe":3,"minecraft:air":0,"minecraft:shield":1,"minecraft:stick":72,"minecraft:iron_ingot":4,"minecraft:iron_pickaxe":2,"minecraft:stone_pickaxe":3,"minecraft:wooden_axe":1,"minecraft:stone_sword":3}},"DataVersion":3465}