{"stats":{"minecraft:dropped":{"minecraft:birch_planks":1,"minecraft:wheat_seeds":2,"minecraft:crafting_table":1,"minecraft:golden_axe":1,"minecraft:cobblestone":125,"minecraft:iron_horse_armor":1,"minecraft:dirt":4,"minecraft:diorite":9,"minecraft:gray_carpet":1,"minecraft:stone_axe":1,"minecraft:iron_nugget":2,"minecraft:stone_sword":2,"minecraft:cobbled_deepslate":234,"minecraft:raw_copper":5,"minecraft:tuff":12,"minecraft:pumpkin_seeds":6,"minecraft:deepslate_tiles":1,"minecraft:andesite":8,"minecraft:chest":1,"minecraft:oak_sapling":2,"minecraft:stone_pickaxe":1,"minecraft:magma_block":1},"minecraft:picked_up":{"minecraft:chiseled_deepslate":1,"minecraft:crafting_table":15,"minecraft:chicken":8,"minecraft:clay_ball":8,"minecraft:suspicious_stew":1,"minecraft:packed_ice":8,"minecraft:wooden_pickaxe":4,"minecraft:pink_wool":1,"minecraft:enchanted_book":1,"minecraft:diamond_horse_armor":1,"minecraft:shield":1,"minecraft:golden_sword":1,"minecraft:string":23,"minecraft:raw_copper":5,"minecraft:wooden_sword":3,"minecraft:flint_and_steel":6,"minecraft:deepslate_tiles":1,"minecraft:diamond_leggings":1,"minecraft:cobbled_deepslate":321,"minecraft:light_weighted_pressure_plate":1,"minecraft:music_disc_otherside":1,"minecraft:beef":6,"minecraft:oak_boat":12,"minecraft:azalea":1,"minecraft:iron_nugget":19,"minecraft:poppy":4,"minecraft:iron_pickaxe":2,"minecraft:chest":1,"minecraft:egg":2,"minecraft:furnace":2,"minecraft:iron_boots":3,"minecraft:stick":73,"minecraft:raw_iron":43,"minecraft:torch":2,"minecraft:porkchop":22,"minecraft:fire_charge":3,"minecraft:golden_axe":2,"minecraft:diorite":14,"minecraft:iron_horse_armor":2,"minecraft:stone_sword":5,"minecraft:rotten_flesh":24,"minecraft:beetroot_seeds":8,"minecraft:shears":1,"minecraft:saddle":1,"minecraft:obsidian":3,"minecraft:mutton":12,"minecraft:snowball":19,"minecraft:white_wool":7,"minecraft:cobblestone":594,"minecraft:birch_log":22,"minecraft:magma_block":2,"minecraft:leather_chestplate":3,"minecraft:feather":4,"minecraft:golden_carrot":4,"minecraft:andesite":32,"minecraft:leather":4,"minecraft:birch_planks":13,"minecraft:flint":17,"minecraft:tuff":31,"minecraft:oak_log":27,"minecraft:yellow_bed":3,"minecraft:gunpowder":8,"minecraft:dirt":90,"minecraft:name_tag":3,"minecraft:gray_carpet":1,"minecraft:wheat_seeds":2,"minecraft:cooked_chicken":2,"minecraft:iron_ingot":5,"minecraft:stone_pickaxe":4,"minecraft:iron_sword":1,"minecraft:oak_planks":16,"minecraft:sculk_catalyst":1,"minecraft:music_disc_13":2,"minecraft:gravel":1,"minecraft:spider_eye":7,"minecraft:leather_helmet":3,"minecraft:pumpkin_seeds":6,"minecraft:diamond":49,"minecraft:stone_axe":3,"minecraft:gray_wool":189,"minecraft:golden_horse_armor":3,"minecraft:bread":16,"minecraft:baked_potato":10,"minecraft:oak_sapling":4,"minecraft:coal":61},"minecraft:mined":{"minecraft:deepslate_tiles":1,"minecraft:diamond_ore":1,"minecraft:crying_obsidian":1,"minecraft:tuff":40,"minecraft:deepslate_diamond_ore":48,"minecraft:mossy_stone_brick_slab":1,"minecraft:sculk_vein":4,"minecraft:obsidian":5,"minecraft:granite":6,"minecraft:grass_block":26,"minecraft:spawner":3,"minecraft:magma_block":1,"minecraft:furnace":1,"minecraft:iron_ore":37,"minecraft:cobbled_deepslate":1,"minecraft:fire":7,"minecraft:andesite":26,"minecraft:chiseled_deepslate":1,"minecraft:peony":1,"minecraft:cave_vines":3,"minecraft:deepslate_iron_ore":1,"minecraft:azalea":1,"minecraft:stone":399,"minecraft:stone_brick_slab":1,"minecraft:clay":2,"minecraft:crafting_table":10,"minecraft:chest":5,"minecraft:sculk_sensor":2,"minecraft:copper_ore":2,"minecraft:cobblestone":25,"minecraft:sculk":3,"minecraft:diorite":15,"minecraft:wall_torch":1,"minecraft:gray_wool":207,"minecraft:birch_log":22,"minecraft:birch_leaves":8,"minecraft:yellow_bed":4,"minecraft:grass":34,"minecraft:oak_log":26,"minecraft:coal_ore":47,"minecraft:gravel":3,"minecraft:dirt":37,"minecraft:gray_carpet":1,"minecraft:netherrack":10,"minecraft:oak_leaves":11,"minecraft:deepslate":361,"minecraft:redstone_lamp":1},"minecraft:killed_by":{"minecraft:creeper":1,"minecraft:iron_golem":1,"minecraft:skeleton":1,"minecraft:zombie":1},"minecraft:killed":{"minecraft:spider":9,"minecraft:skeleton":1,"minecraft:chicken":5,"minecraft:wolf":1,"minecraft:pig":6,"minecraft:iron_golem":1,"minecraft:sheep":5,"minecraft:zombie":15,"minecraft:villager":3,"minecraft:cow":4},"minecraft:custom":{"minecraft:mob_kills":51,"minecraft:interact_with_crafting_table":40,"minecraft:leave_game":7,"minecraft:time_since_death":171259,"minecraft:sprint_one_cm":353673,"minecraft:walk_one_cm":448150,"minecraft:damage_blocked_by_shield":525,"minecraft:drop":42,"minecraft:play_time":238375,"minecraft:deaths":8,"minecraft:sneak_time":32423,"minecraft:walk_under_water_one_cm":13427,"minecraft:boat_one_cm":281318,"minecraft:jump":3463,"minecraft:walk_on_water_one_cm":10092,"minecraft:total_world_time":238375,"minecraft:interact_with_furnace":10,"minecraft:sleep_in_bed":5,"minecraft:time_since_rest":105346,"minecraft:damage_taken":4545,"minecraft:damage_absorbed":30,"minecraft:damage_dealt":8715,"minecraft:swim_one_cm":35952,"minecraft:fly_one_cm":892098,"minecraft:open_chest":46,"minecraft:crouch_one_cm":104095,"minecraft:fall_one_cm":113673},"minecraft:used":{"minecraft:stone_sword":82,"minecraft:flint_and_steel":47,"minecraft:shield":6,"minecraft:iron_sword":52,"minecraft:cooked_salmon":1,"minecraft:cooked_chicken":6,"minecraft:rotten_flesh":6,"minecraft:dirt":25,"minecraft:tuff":3,"minecraft:snowball":17,"minecraft:obsidian":2,"minecraft:golden_sword":1,"minecraft:magma_block":1,"minecraft:golden_carrot":4,"minecraft:furnace":2,"minecraft:cooked_cod":1,"minecraft:cobbled_deepslate":134,"minecraft:diorite":1,"minecraft:glass_bottle":1,"minecraft:birch_planks":9,"minecraft:baked_potato":10,"minecraft:oak_planks":34,"minecraft:stone_pickaxe":92,"minecraft:wooden_pickaxe":71,"minecraft:diamond_axe":30,"minecraft:golden_apple":1,"minecraft:glow_berries":10,"minecraft:crafting_table":11,"minecraft:shears":195,"minecraft:diamond_pickaxe":630,"minecraft:bread":4,"minecraft:iron_pickaxe":322,"minecraft:stone_axe":20,"minecraft:diamond_sword":62,"minecraft:potion":1,"minecraft:cobblestone":285,"minecraft:porkchop":3,"minecraft:cooked_porkchop":7,"minecraft:andesite":16,"minecraft:yellow_bed":1,"minecraft:oak_boat":12,"minecraft:gray_wool":189,"minecraft:experience_bottle":1},"minecraft:crafted":{"minecraft:wooden_sword":1,"minecraft:oak_planks":84,"minecraft:cooked_chicken":4,"minecraft:furnace":1,"minecraft:diamond_helmet":1,"minecraft:diamond_leggings":1,"minecraft:iron_boots":1,"minecraft:stone_pickaxe":4,"minecraft:diamond_boots":1,"minecraft:diamond_sword":1,"minecraft:cooked_porkchop":7,"minecraft:diamond_axe":1,"minecraft:crafting_table":5,"minecraft:wooden_pickaxe":4,"minecraft:iron_sword":1,"minecraft:birch_planks":88,"minecraft:stone_axe":3,"minecraft:air":0,"minecraft:oak_boat":1,"minecraft:diamond_pickaxe":1,"minecraft:shield":1,"minecraft:stick":72,"minecraft:iron_ingot":4,"minecraft:iron_pickaxe":2,"minecraft:wooden_axe":1,"minecraft:stone_sword":4,"minecraft:diamond_chestplate":1}},"DataVersion":3465}