{"stats":{"minecraft:killed":{"minecraft:spider":2,"minecraft:slime":3,"minecraft:skeleton":7,"minecraft:piglin":3,"minecraft:hoglin":1,"minecraft:sheep":5,"minecraft:zombie":5},"minecraft:picked_up":{"minecraft:crafting_table":3,"minecraft:stone_slab":2,"minecraft:gold_block":1,"minecraft:stone_brick_stairs":9,"minecraft:crimson_planks":42,"minecraft:string":3,"minecraft:cobbled_deepslate":84,"minecraft:iron_nugget":18,"minecraft:iron_boots":1,"minecraft:raw_iron":45,"minecraft:oak_fence":4,"minecraft:porkchop":4,"minecraft:diorite":12,"minecraft:arrow":11,"minecraft:hay_block":7,"minecraft:gold_ingot":2,"minecraft:obsidian":16,"minecraft:mutton":9,"minecraft:white_wool":5,"minecraft:cobblestone":218,"minecraft:birch_log":7,"minecraft:enchanting_table":1,"minecraft:magma_block":13,"minecraft:crimson_stem":33,"minecraft:andesite":13,"minecraft:flint":1,"minecraft:tuff":17,"minecraft:oak_log":10,"minecraft:dirt":17,"minecraft:bone":15,"minecraft:wheat_seeds":1,"minecraft:oak_planks":1,"minecraft:stone_brick_slab":3,"minecraft:gravel":6,"minecraft:mossy_stone_brick_slab":1,"minecraft:crying_obsidian":1,"minecraft:spectral_arrow":10,"minecraft:mossy_cobblestone":1,"minecraft:diamond":58,"minecraft:granite":5,"minecraft:oak_sapling":2,"minecraft:netherrack":16,"minecraft:coal":28},"minecraft:dropped":{"minecraft:crimson_planks":42,"minecraft:bread":18,"minecraft:iron_sword":1,"minecraft:mossy_cobblestone":1,"minecraft:diamond":21,"minecraft:oak_fence":4,"minecraft:cobblestone":44,"minecraft:stick":2,"minecraft:golden_carrot":5,"minecraft:iron_axe":1,"minecraft:iron_pickaxe":1,"minecraft:string":2,"minecraft:stone_brick_slab":1,"minecraft:gold_ingot":7,"minecraft:stone_axe":1,"minecraft:iron_nugget":5,"minecraft:cobbled_deepslate":20,"minecraft:iron_boots":1,"minecraft:cooked_mutton":4,"minecraft:stone_pickaxe":1,"minecraft:wooden_pickaxe":1,"minecraft:magma_block":12,"minecraft:netherrack":6},"minecraft:broken":{"minecraft:iron_pickaxe":1},"minecraft:used":{"minecraft:enchanting_table":1,"minecraft:flint_and_steel":5,"minecraft:shield":4,"minecraft:iron_sword":44,"minecraft:mossy_stone_brick_slab":1,"minecraft:netherrack":8,"minecraft:dirt":5,"minecraft:tuff":17,"minecraft:obsidian":4,"minecraft:stone_brick_slab":1,"minecraft:iron_axe":3,"minecraft:crimson_planks":54,"minecraft:stone_brick_stairs":8,"minecraft:furnace":1,"minecraft:cobbled_deepslate":64,"minecraft:cooked_mutton":3,"minecraft:diorite":4,"minecraft:stone_pickaxe":63,"minecraft:oak_planks":1,"minecraft:wooden_pickaxe":25,"minecraft:diamond_axe":43,"minecraft:crafting_table":5,"minecraft:diamond_pickaxe":328,"minecraft:diamond_shovel":5,"minecraft:crying_obsidian":1,"minecraft:bread":21,"minecraft:iron_pickaxe":378,"minecraft:stone_slab":2,"minecraft:stone_axe":17,"minecraft:diamond_sword":23,"minecraft:cobblestone":149},"minecraft:crafted":{"minecraft:oak_planks":40,"minecraft:diamond_hoe":1,"minecraft:furnace":1,"minecraft:diamond_shovel":1,"minecraft:cooked_mutton":9,"minecraft:diamond_helmet":1,"minecraft:iron_boots":1,"minecraft:diamond_leggings":1,"minecraft:iron_axe":1,"minecraft:stone_pickaxe":1,"minecraft:diamond_boots":1,"minecraft:golden_boots":1,"minecraft:wheat":63,"minecraft:crimson_planks":132,"minecraft:diamond_sword":1,"minecraft:diamond_axe":1,"minecraft:crafting_table":3,"minecraft:enchanting_table":1,"minecraft:wooden_pickaxe":1,"minecraft:iron_helmet":1,"minecraft:iron_sword":1,"minecraft:birch_planks":16,"minecraft:stone_axe":1,"minecraft:bread":21,"minecraft:air":0,"minecraft:iron_chestplate":1,"minecraft:diamond_pickaxe":1,"minecraft:shield":1,"minecraft:stick":24,"minecraft:iron_ingot":46,"minecraft:iron_pickaxe":2,"minecraft:iron_leggings":1,"minecraft:gold_ingot":9,"minecraft:diamond_chestplate":1},"minecraft:mined":{"minecraft:crying_obsidian":1,"minecraft:tuff":17,"minecraft:mossy_cobblestone":1,"minecraft:deepslate_diamond_ore":58,"minecraft:mossy_stone_brick_slab":1,"minecraft:obsidian":17,"minecraft:granite":5,"minecraft:grass_block":10,"minecraft:crimson_roots":1,"minecraft:crimson_stem":37,"minecraft:spawner":2,"minecraft:hay_block":7,"minecraft:magma_block":13,"minecraft:iron_ore":45,"minecraft:fire":8,"minecraft:andesite":13,"minecraft:enchanting_table":1,"minecraft:gold_block":1,"minecraft:stone":217,"minecraft:crimson_nylium":1,"minecraft:stone_brick_slab":2,"minecraft:oak_fence":2,"minecraft:crafting_table":3,"minecraft:stone_slab":2,"minecraft:cobblestone":4,"minecraft:oak_planks":1,"minecraft:diorite":12,"minecraft:birch_log":7,"minecraft:stone_brick_stairs":9,"minecraft:grass":12,"minecraft:oak_log":10,"minecraft:coal_ore":28,"minecraft:dirt":8,"minecraft:gravel":11,"minecraft:cobweb":1,"minecraft:netherrack":30,"minecraft:oak_leaves":12,"minecraft:deepslate":292},"minecraft:custom":{"minecraft:mob_kills":28,"minecraft:interact_with_crafting_table":34,"minecraft:leave_game":4,"minecraft:time_since_death":106665,"minecraft:sprint_one_cm":95,"minecraft:walk_one_cm":18737,"minecraft:damage_blocked_by_shield":195,"minecraft:drop":57,"minecraft:play_time":106665,"minecraft:sneak_time":5567,"minecraft:walk_under_water_one_cm":4967,"minecraft:jump":1504,"minecraft:walk_on_water_one_cm":6858,"minecraft:total_world_time":106665,"minecraft:interact_with_furnace":28,"minecraft:time_since_rest":106665,"minecraft:damage_taken":1220,"minecraft:damage_dealt":4553,"minecraft:swim_one_cm":27650,"minecraft:fly_one_cm":427398,"minecraft:open_chest":41,"minecraft:crouch_one_cm":4712,"minecraft:fall_one_cm":45167}},"DataVersion":3465}