{"stats":{"minecraft:picked_up":{"minecraft:birch_log":22,"minecraft:crafting_table":9,"minecraft:leather_chestplate":3,"minecraft:wooden_pickaxe":3,"minecraft:pink_wool":1,"minecraft:birch_planks":12,"minecraft:flint":15,"minecraft:oak_log":11,"minecraft:yellow_bed":2,"minecraft:dirt":43,"minecraft:string":1,"minecraft:wooden_sword":3,"minecraft:flint_and_steel":6,"minecraft:stone_pickaxe":2,"minecraft:beef":4,"minecraft:iron_ingot":5,"minecraft:poppy":4,"minecraft:iron_nugget":17,"minecraft:iron_pickaxe":1,"minecraft:oak_planks":16,"minecraft:iron_boots":3,"minecraft:stick":15,"minecraft:raw_iron":10,"minecraft:music_disc_13":1,"minecraft:fire_charge":3,"minecraft:porkchop":8,"minecraft:leather_helmet":3,"minecraft:spider_eye":3,"minecraft:stone_sword":2,"minecraft:rotten_flesh":2,"minecraft:stone_axe":2,"minecraft:bread":16,"minecraft:golden_horse_armor":3,"minecraft:oak_sapling":2,"minecraft:mutton":5,"minecraft:coal":28,"minecraft:white_wool":2,"minecraft:cobblestone":188},"minecraft:mined":{"minecraft:crafting_table":6,"minecraft:grass_block":17,"minecraft:cobblestone":3,"minecraft:spawner":1,"minecraft:birch_log":22,"minecraft:iron_ore":5,"minecraft:fire":4,"minecraft:birch_leaves":6,"minecraft:yellow_bed":3,"minecraft:grass":4,"minecraft:oak_log":10,"minecraft:coal_ore":13,"minecraft:dirt":22,"minecraft:stone":141,"minecraft:oak_leaves":5},"minecraft:killed_by":{"minecraft:skeleton":1,"minecraft:creeper":1,"minecraft:iron_golem":1},"minecraft:killed":{"minecraft:pig":4,"minecraft:spider":4,"minecraft:iron_golem":1,"minecraft:sheep":3,"minecraft:cow":2},"minecraft:custom":{"minecraft:mob_kills":14,"minecraft:interact_with_crafting_table":22,"minecraft:leave_game":2,"minecraft:time_since_death":6854,"minecraft:sleep_in_bed":2,"minecraft:time_since_rest":6878,"minecraft:sprint_one_cm":118972,"minecraft:damage_taken":2318,"minecraft:walk_one_cm":282428,"minecraft:damage_dealt":2534,"minecraft:swim_one_cm":15628,"minecraft:fly_one_cm":434374,"minecraft:open_chest":13,"minecraft:crouch_one_cm":14830,"minecraft:play_time":56966,"minecraft:deaths":7,"minecraft:sneak_time":2126,"minecraft:walk_under_water_one_cm":5056,"minecraft:jump":902,"minecraft:walk_on_water_one_cm":2106,"minecraft:total_world_time":56966,"minecraft:fall_one_cm":33890},"minecraft:used":{"minecraft:stone_sword":69,"minecraft:flint_and_steel":47,"minecraft:birch_planks":9,"minecraft:stone_pickaxe":52,"minecraft:wooden_pickaxe":64,"minecraft:rotten_flesh":6,"minecraft:dirt":13,"minecraft:crafting_table":6,"minecraft:bread":3,"minecraft:iron_pickaxe":81,"minecraft:stone_axe":18,"minecraft:cobblestone":47,"minecraft:yellow_bed":1},"minecraft:crafted":{"minecraft:wooden_sword":1,"minecraft:oak_planks":20,"minecraft:crafting_table":4,"minecraft:wooden_pickaxe":3,"minecraft:birch_planks":88,"minecraft:stone_axe":3,"minecraft:stick":40,"minecraft:iron_ingot":4,"minecraft:iron_pickaxe":2,"minecraft:stone_pickaxe":3,"minecraft:stone_sword":3}},"DataVersion":3465}