{"stats":{"minecraft:crafted":{"minecraft:oak_planks":20,"minecraft:crafting_table":3,"minecraft:wooden_pickaxe":1,"minecraft:iron_helmet":1,"minecraft:iron_sword":1,"minecraft:furnace":1,"minecraft:birch_planks":16,"minecraft:stone_axe":1,"minecraft:air":0,"minecraft:iron_boots":1,"minecraft:iron_chestplate":1,"minecraft:diamond_pickaxe":1,"minecraft:shield":1,"minecraft:iron_axe":1,"minecraft:stick":24,"minecraft:iron_ingot":36,"minecraft:iron_pickaxe":2,"minecraft:stone_pickaxe":1,"minecraft:diamond_boots":1,"minecraft:iron_leggings":1},"minecraft:killed":{"minecraft:spider":2,"minecraft:slime":3,"minecraft:sheep":5,"minecraft:skeleton":7,"minecraft:zombie":4},"minecraft:dropped":{"minecraft:mossy_cobblestone":1,"minecraft:oak_fence":1,"minecraft:string":2,"minecraft:netherrack":6},"minecraft:mined":{"minecraft:tuff":15,"minecraft:mossy_cobblestone":1,"minecraft:deepslate_diamond_ore":58,"minecraft:mossy_stone_brick_slab":1,"minecraft:stone_brick_slab":1,"minecraft:obsidian":1,"minecraft:oak_fence":2,"minecraft:crafting_table":1,"minecraft:granite":5,"minecraft:grass_block":6,"minecraft:stone_slab":1,"minecraft:cobblestone":2,"minecraft:oak_planks":1,"minecraft:diorite":12,"minecraft:spawner":2,"minecraft:hay_block":7,"minecraft:magma_block":12,"minecraft:birch_log":7,"minecraft:iron_ore":45,"minecraft:andesite":13,"minecraft:stone_brick_stairs":2,"minecraft:grass":6,"minecraft:oak_log":10,"minecraft:coal_ore":28,"minecraft:gravel":11,"minecraft:dirt":6,"minecraft:cobweb":1,"minecraft:stone":216,"minecraft:netherrack":16,"minecraft:oak_leaves":8,"minecraft:deepslate":292},"minecraft:broken":{"minecraft:iron_pickaxe":1},"minecraft:picked_up":{"minecraft:birch_log":7,"minecraft:crafting_table":1,"minecraft:magma_block":12,"minecraft:andesite":13,"minecraft:stone_slab":1,"minecraft:flint":1,"minecraft:tuff":15,"minecraft:stone_brick_stairs":2,"minecraft:oak_log":10,"minecraft:string":3,"minecraft:dirt":12,"minecraft:bone":15,"minecraft:wheat_seeds":1,"minecraft:cobbled_deepslate":64,"minecraft:oak_planks":1,"minecraft:raw_iron":45,"minecraft:oak_fence":4,"minecraft:stone_brick_slab":1,"minecraft:gravel":6,"minecraft:diorite":12,"minecraft:mossy_cobblestone":1,"minecraft:mossy_stone_brick_slab":1,"minecraft:arrow":11,"minecraft:diamond":58,"minecraft:hay_block":7,"minecraft:granite":5,"minecraft:oak_sapling":2,"minecraft:netherrack":12,"minecraft:mutton":9,"minecraft:coal":28,"minecraft:white_wool":5,"minecraft:cobblestone":216},"minecraft:custom":{"minecraft:interact_with_furnace":23,"minecraft:mob_kills":23,"minecraft:interact_with_crafting_table":22,"minecraft:leave_game":3,"minecraft:time_since_death":58368,"minecraft:time_since_rest":58368,"minecraft:sprint_one_cm":95,"minecraft:damage_taken":770,"minecraft:walk_one_cm":15870,"minecraft:damage_blocked_by_shield":195,"minecraft:drop":5,"minecraft:damage_dealt":3331,"minecraft:swim_one_cm":24056,"minecraft:fly_one_cm":205940,"minecraft:open_chest":24,"minecraft:crouch_one_cm":1041,"minecraft:play_time":58368,"minecraft:sneak_time":978,"minecraft:walk_under_water_one_cm":4215,"minecraft:jump":715,"minecraft:walk_on_water_one_cm":6009,"minecraft:total_world_time":58368,"minecraft:fall_one_cm":20777},"minecraft:used":{"minecraft:diorite":4,"minecraft:stone_pickaxe":63,"minecraft:oak_planks":1,"minecraft:shield":4,"minecraft:wooden_pickaxe":25,"minecraft:iron_sword":44,"minecraft:netherrack":6,"minecraft:dirt":5,"minecraft:crafting_table":4,"minecraft:tuff":15,"minecraft:diamond_pickaxe":273,"minecraft:iron_axe":3,"minecraft:bread":16,"minecraft:iron_pickaxe":378,"minecraft:stone_brick_stairs":2,"minecraft:stone_axe":17,"minecraft:cobblestone":31,"minecraft:furnace":1}},"DataVersion":3465}