{"stats":{"minecraft:dropped":{"minecraft:birch_planks":1,"minecraft:iron_nugget":2,"minecraft:stone_sword":2,"minecraft:cobbled_deepslate":157,"minecraft:golden_axe":1,"minecraft:cobblestone":101,"minecraft:iron_horse_armor":1,"minecraft:pumpkin_seeds":6,"minecraft:dirt":4,"minecraft:diorite":9,"minecraft:andesite":7,"minecraft:oak_sapling":2,"minecraft:stone_pickaxe":1},"minecraft:picked_up":{"minecraft:birch_log":22,"minecraft:crafting_table":14,"minecraft:leather_chestplate":3,"minecraft:feather":4,"minecraft:chicken":8,"minecraft:clay_ball":4,"minecraft:andesite":12,"minecraft:leather":4,"minecraft:wooden_pickaxe":4,"minecraft:pink_wool":1,"minecraft:birch_planks":13,"minecraft:enchanted_book":1,"minecraft:flint":17,"minecraft:oak_log":27,"minecraft:yellow_bed":2,"minecraft:shield":1,"minecraft:golden_sword":1,"minecraft:gunpowder":8,"minecraft:string":23,"minecraft:dirt":74,"minecraft:raw_copper":5,"minecraft:name_tag":1,"minecraft:wooden_sword":3,"minecraft:flint_and_steel":6,"minecraft:cobbled_deepslate":162,"minecraft:iron_ingot":5,"minecraft:light_weighted_pressure_plate":1,"minecraft:music_disc_otherside":1,"minecraft:beef":6,"minecraft:stone_pickaxe":4,"minecraft:oak_boat":1,"minecraft:iron_nugget":19,"minecraft:poppy":4,"minecraft:iron_pickaxe":2,"minecraft:iron_sword":1,"minecraft:oak_planks":16,"minecraft:iron_boots":3,"minecraft:furnace":2,"minecraft:stick":73,"minecraft:raw_iron":42,"minecraft:music_disc_13":2,"minecraft:torch":1,"minecraft:fire_charge":3,"minecraft:porkchop":19,"minecraft:golden_axe":2,"minecraft:diorite":9,"minecraft:spider_eye":7,"minecraft:iron_horse_armor":2,"minecraft:leather_helmet":3,"minecraft:stone_sword":5,"minecraft:pumpkin_seeds":6,"minecraft:rotten_flesh":23,"minecraft:diamond":43,"minecraft:stone_axe":3,"minecraft:beetroot_seeds":8,"minecraft:golden_horse_armor":3,"minecraft:bread":16,"minecraft:oak_sapling":4,"minecraft:mutton":12,"minecraft:coal":60,"minecraft:white_wool":7,"minecraft:cobblestone":508},"minecraft:mined":{"minecraft:tuff":7,"minecraft:deepslate_diamond_ore":43,"minecraft:clay":1,"minecraft:granite":4,"minecraft:crafting_table":10,"minecraft:grass_block":25,"minecraft:copper_ore":2,"minecraft:cobblestone":24,"minecraft:diorite":9,"minecraft:spawner":3,"minecraft:furnace":1,"minecraft:iron_ore":37,"minecraft:birch_log":22,"minecraft:fire":4,"minecraft:andesite":5,"minecraft:birch_leaves":8,"minecraft:yellow_bed":3,"minecraft:grass":4,"minecraft:coal_ore":46,"minecraft:oak_log":26,"minecraft:dirt":34,"minecraft:stone":314,"minecraft:deepslate":149,"minecraft:oak_leaves":6},"minecraft:killed_by":{"minecraft:skeleton":1,"minecraft:creeper":1,"minecraft:zombie":1,"minecraft:iron_golem":1},"minecraft:killed":{"minecraft:pig":4,"minecraft:spider":9,"minecraft:iron_golem":1,"minecraft:sheep":4,"minecraft:zombie":12,"minecraft:chicken":4,"minecraft:cow":3},"minecraft:custom":{"minecraft:interact_with_furnace":8,"minecraft:mob_kills":38,"minecraft:interact_with_crafting_table":40,"minecraft:leave_game":3,"minecraft:time_since_death":71448,"minecraft:sleep_in_bed":5,"minecraft:time_since_rest":5535,"minecraft:sprint_one_cm":199311,"minecraft:damage_taken":3273,"minecraft:walk_one_cm":368283,"minecraft:damage_blocked_by_shield":240,"minecraft:drop":26,"minecraft:damage_dealt":6315,"minecraft:swim_one_cm":19052,"minecraft:fly_one_cm":506174,"minecraft:open_chest":22,"minecraft:crouch_one_cm":19912,"minecraft:play_time":138564,"minecraft:deaths":8,"minecraft:sneak_time":4536,"minecraft:walk_under_water_one_cm":5910,"minecraft:boat_one_cm":46274,"minecraft:jump":1630,"minecraft:walk_on_water_one_cm":3744,"minecraft:total_world_time":138564,"minecraft:fall_one_cm":49095},"minecraft:used":{"minecraft:stone_sword":82,"minecraft:flint_and_steel":47,"minecraft:birch_planks":9,"minecraft:oak_planks":5,"minecraft:stone_pickaxe":92,"minecraft:wooden_pickaxe":71,"minecraft:shield":4,"minecraft:iron_sword":52,"minecraft:diamond_axe":13,"minecraft:cooked_chicken":4,"minecraft:rotten_flesh":6,"minecraft:dirt":25,"minecraft:crafting_table":11,"minecraft:diamond_pickaxe":212,"minecraft:bread":4,"minecraft:iron_pickaxe":322,"minecraft:golden_sword":1,"minecraft:stone_axe":20,"minecraft:cobblestone":188,"minecraft:furnace":2,"minecraft:porkchop":1,"minecraft:cooked_porkchop":5,"minecraft:andesite":5,"minecraft:oak_boat":1,"minecraft:yellow_bed":1,"minecraft:cobbled_deepslate":59},"minecraft:crafted":{"minecraft:wooden_sword":1,"minecraft:oak_planks":84,"minecraft:diamond_sword":1,"minecraft:cooked_porkchop":7,"minecraft:diamond_axe":1,"minecraft:crafting_table":5,"minecraft:cooked_chicken":4,"minecraft:wooden_pickaxe":4,"minecraft:iron_sword":1,"minecraft:furnace":1,"minecraft:birch_planks":88,"minecraft:stone_axe":3,"minecraft:air":0,"minecraft:oak_boat":1,"minecraft:diamond_helmet":1,"minecraft:diamond_leggings":1,"minecraft:iron_boots":1,"minecraft:diamond_pickaxe":1,"minecraft:shield":1,"minecraft:stick":72,"minecraft:stone_pickaxe":4,"minecraft:iron_ingot":4,"minecraft:iron_pickaxe":2,"minecraft:wooden_axe":1,"minecraft:stone_sword":4,"minecraft:diamond_boots":1,"minecraft:diamond_chestplate":1}},"DataVersion":3465}