{"stats":{"minecraft:picked_up":{"minecraft:wooden_axe":3,"minecraft:crafting_table":1,"minecraft:iron_chestplate":1,"minecraft:chicken":4,"minecraft:nether_brick_fence":2,"minecraft:wooden_pickaxe":4,"minecraft:shield":1,"minecraft:string":12,"minecraft:wooden_sword":2,"minecraft:blackstone":35,"minecraft:gold_nugget":15,"minecraft:cobbled_deepslate":47,"minecraft:beef":12,"minecraft:iron_nugget":3,"minecraft:iron_pickaxe":2,"minecraft:sugar_cane":51,"minecraft:furnace":1,"minecraft:stick":6,"minecraft:raw_iron":57,"minecraft:torch":84,"minecraft:porkchop":10,"minecraft:diorite":3,"minecraft:dark_oak_planks":1,"minecraft:stone_sword":3,"minecraft:arrow":19,"minecraft:rotten_flesh":14,"minecraft:nether_bricks":60,"minecraft:gold_ingot":3,"minecraft:blaze_rod":2,"minecraft:glow_berries":4,"minecraft:mutton":9,"minecraft:cod":10,"minecraft:white_wool":9,"minecraft:cobblestone":141,"minecraft:birch_log":10,"minecraft:feather":8,"minecraft:basalt":268,"minecraft:glow_ink_sac":1,"minecraft:leather":17,"minecraft:dark_oak_boat":2,"minecraft:red_mushroom":1,"minecraft:birch_planks":18,"minecraft:flint":1,"minecraft:oak_log":4,"minecraft:gunpowder":5,"minecraft:dirt":74,"minecraft:wooden_hoe":1,"minecraft:lapis_lazuli":40,"minecraft:stripped_birch_log":2,"minecraft:coast_armor_trim_smithing_template":2,"minecraft:bone":50,"minecraft:raw_gold":21,"minecraft:iron_ingot":1,"minecraft:stone_pickaxe":4,"minecraft:glowstone_dust":8,"minecraft:iron_sword":1,"minecraft:birch_boat":4,"minecraft:gravel":12,"minecraft:dark_oak_log":66,"minecraft:diamond":40,"minecraft:stone_axe":3,"minecraft:iron_helmet":1,"minecraft:bone_meal":5,"minecraft:emerald":9,"minecraft:bread":61,"minecraft:oak_sapling":2,"minecraft:netherrack":50,"minecraft:coal":30},"minecraft:custom":{"minecraft:mob_kills":55,"minecraft:interact_with_crafting_table":38,"minecraft:leave_game":5,"minecraft:time_since_death":78500,"minecraft:damage_resisted":46,"minecraft:sprint_one_cm":375935,"minecraft:walk_one_cm":284893,"minecraft:damage_blocked_by_shield":2525,"minecraft:drop":132,"minecraft:talked_to_villager":1,"minecraft:play_time":114296,"minecraft:deaths":5,"minecraft:sneak_time":4690,"minecraft:walk_under_water_one_cm":4057,"minecraft:boat_one_cm":320193,"minecraft:jump":2311,"minecraft:walk_on_water_one_cm":13041,"minecraft:total_world_time":114296,"minecraft:interact_with_furnace":18,"minecraft:time_since_rest":78525,"minecraft:damage_taken":3498,"minecraft:damage_absorbed":199,"minecraft:damage_dealt":6615,"minecraft:swim_one_cm":8846,"minecraft:fly_one_cm":495152,"minecraft:player_kills":2,"minecraft:open_chest":7,"minecraft:crouch_one_cm":18813,"minecraft:fall_one_cm":63862},"minecraft:killed":{"minecraft:spider":4,"minecraft:skeleton":3,"minecraft:chicken":1,"minecraft:magma_cube":29,"minecraft:sheep":5,"minecraft:zombie":5,"minecraft:wither_skeleton":4,"minecraft:blaze":4},"minecraft:crafted":{"minecraft:wooden_sword":1,"minecraft:oak_planks":16,"minecraft:dark_oak_boat":1,"minecraft:birch_boat":1,"minecraft:furnace":2,"minecraft:cooked_mutton":6,"minecraft:flint_and_steel":1,"minecraft:diamond_helmet":1,"minecraft:diamond_leggings":1,"minecraft:stone_pickaxe":1,"minecraft:diamond_boots":1,"minecraft:dark_oak_planks":92,"minecraft:cooked_beef":2,"minecraft:diamond_sword":1,"minecraft:cooked_porkchop":8,"minecraft:diamond_axe":1,"minecraft:crafting_table":5,"minecraft:wooden_pickaxe":1,"minecraft:iron_helmet":1,"minecraft:iron_sword":1,"minecraft:birch_planks":48,"minecraft:stone_axe":1,"minecraft:air":0,"minecraft:oak_boat":1,"minecraft:diamond_pickaxe":1,"minecraft:shield":1,"minecraft:stick":40,"minecraft:iron_ingot":11,"minecraft:iron_pickaxe":1,"minecraft:wooden_axe":1,"minecraft:stone_sword":1,"minecraft:torch":84},"minecraft:mined":{"minecraft:dark_oak_leaves":2,"minecraft:deepslate_diamond_ore":30,"minecraft:stripped_birch_log":2,"minecraft:nether_bricks":63,"minecraft:granite":8,"minecraft:grass_block":7,"minecraft:red_mushroom":1,"minecraft:glowstone":2,"minecraft:fire":3,"minecraft:iron_ore":32,"minecraft:deepslate_lapis_ore":3,"minecraft:nether_brick_fence":3,"minecraft:stone":125,"minecraft:blackstone":37,"minecraft:soul_fire":2,"minecraft:basalt":252,"minecraft:crafting_table":1,"minecraft:tall_grass":3,"minecraft:nether_quartz_ore":3,"minecraft:cobblestone":1,"minecraft:sugar_cane":1,"minecraft:diorite":12,"minecraft:birch_log":10,"minecraft:grass":6,"minecraft:oak_log":4,"minecraft:coal_ore":25,"minecraft:gravel":15,"minecraft:dirt":19,"minecraft:netherrack":21,"minecraft:oak_leaves":5,"minecraft:deepslate":43},"minecraft:used":{"minecraft:nether_brick_fence":1,"minecraft:stone_sword":3,"minecraft:shield":39,"minecraft:iron_sword":35,"minecraft:netherrack":20,"minecraft:torch":71,"minecraft:dirt":9,"minecraft:dark_oak_planks":75,"minecraft:basalt":206,"minecraft:dark_oak_boat":2,"minecraft:furnace":3,"minecraft:cooked_beef":2,"minecraft:potato":9,"minecraft:cobbled_deepslate":20,"minecraft:enchanted_golden_apple":1,"minecraft:cooked_mutton":4,"minecraft:birch_planks":5,"minecraft:stone_pickaxe":91,"minecraft:blackstone":22,"minecraft:birch_boat":3,"minecraft:wooden_pickaxe":17,"minecraft:diamond_axe":4,"minecraft:white_wool":6,"minecraft:glow_berries":4,"minecraft:golden_apple":1,"minecraft:crafting_table":6,"minecraft:cod":2,"minecraft:diamond_pickaxe":527,"minecraft:apple":4,"minecraft:bread":38,"minecraft:iron_pickaxe":50,"minecraft:stone_axe":13,"minecraft:diamond_sword":208,"minecraft:cobblestone":29,"minecraft:cooked_porkchop":2,"minecraft:oak_boat":1},"minecraft:killed_by":{"minecraft:creeper":2,"minecraft:skeleton":1,"minecraft:zombie":1},"minecraft:dropped":{"minecraft:bread":9,"minecraft:diamond":14,"minecraft:iron_helmet":1,"minecraft:stick":3,"minecraft:dirt":22,"minecraft:dark_oak_log":43,"minecraft:diorite":2,"minecraft:wooden_hoe":1,"minecraft:wooden_axe":2,"minecraft:gold_nugget":8,"minecraft:wooden_sword":1,"minecraft:iron_pickaxe":1,"minecraft:dark_oak_planks":1,"minecraft:dark_oak_boat":1,"minecraft:gravel":11,"minecraft:stone_axe":1,"minecraft:blackstone":11,"minecraft:sugar_cane":22,"minecraft:iron_nugget":3,"minecraft:stone_sword":1,"minecraft:cobbled_deepslate":25,"minecraft:raw_iron":22,"minecraft:rotten_flesh":4,"minecraft:cooked_mutton":2,"minecraft:nether_bricks":7,"minecraft:oak_sapling":2,"minecraft:basalt":43,"minecraft:wooden_pickaxe":2,"minecraft:stone_pickaxe":2,"minecraft:netherrack":30}},"DataVersion":3465}