{"stats":{"minecraft:picked_up":{"minecraft:wooden_axe":3,"minecraft:birch_log":10,"minecraft:iron_chestplate":1,"minecraft:crafting_table":1,"minecraft:feather":8,"minecraft:chicken":4,"minecraft:glow_ink_sac":1,"minecraft:leather":17,"minecraft:dark_oak_boat":1,"minecraft:wooden_pickaxe":4,"minecraft:birch_planks":18,"minecraft:shield":1,"minecraft:gunpowder":5,"minecraft:wooden_hoe":1,"minecraft:stripped_birch_log":2,"minecraft:dirt":74,"minecraft:lapis_lazuli":40,"minecraft:string":10,"minecraft:wooden_sword":2,"minecraft:coast_armor_trim_smithing_template":2,"minecraft:bone":46,"minecraft:gold_nugget":7,"minecraft:cobbled_deepslate":39,"minecraft:raw_gold":21,"minecraft:iron_ingot":1,"minecraft:stone_pickaxe":4,"minecraft:beef":12,"minecraft:iron_nugget":3,"minecraft:iron_pickaxe":2,"minecraft:sugar_cane":29,"minecraft:iron_sword":1,"minecraft:furnace":1,"minecraft:stick":4,"minecraft:raw_iron":57,"minecraft:birch_boat":4,"minecraft:gravel":1,"minecraft:torch":84,"minecraft:porkchop":10,"minecraft:diorite":3,"minecraft:dark_oak_log":66,"minecraft:dark_oak_planks":1,"minecraft:stone_sword":3,"minecraft:arrow":17,"minecraft:rotten_flesh":14,"minecraft:diamond":35,"minecraft:stone_axe":3,"minecraft:iron_helmet":1,"minecraft:bone_meal":5,"minecraft:gold_ingot":3,"minecraft:emerald":9,"minecraft:bread":61,"minecraft:oak_sapling":2,"minecraft:glow_berries":4,"minecraft:mutton":3,"minecraft:cod":10,"minecraft:coal":26,"minecraft:white_wool":6,"minecraft:cobblestone":77},"minecraft:custom":{"minecraft:interact_with_furnace":7,"minecraft:mob_kills":7,"minecraft:interact_with_crafting_table":30,"minecraft:leave_game":4,"minecraft:time_since_death":18581,"minecraft:time_since_rest":18606,"minecraft:sprint_one_cm":142575,"minecraft:damage_taken":2053,"minecraft:walk_one_cm":120624,"minecraft:damage_blocked_by_shield":705,"minecraft:drop":22,"minecraft:damage_dealt":1698,"minecraft:swim_one_cm":8846,"minecraft:fly_one_cm":224842,"minecraft:player_kills":1,"minecraft:crouch_one_cm":3027,"minecraft:play_time":54377,"minecraft:deaths":5,"minecraft:sneak_time":1150,"minecraft:walk_under_water_one_cm":3481,"minecraft:boat_one_cm":167412,"minecraft:jump":1063,"minecraft:walk_on_water_one_cm":9608,"minecraft:total_world_time":54377,"minecraft:fall_one_cm":33072},"minecraft:killed":{"minecraft:spider":2,"minecraft:skeleton":1,"minecraft:zombie":3,"minecraft:chicken":1},"minecraft:crafted":{"minecraft:wooden_sword":1,"minecraft:diamond_sword":1,"minecraft:diamond_axe":1,"minecraft:crafting_table":4,"minecraft:birch_boat":1,"minecraft:wooden_pickaxe":1,"minecraft:iron_helmet":1,"minecraft:iron_sword":1,"minecraft:furnace":1,"minecraft:birch_planks":48,"minecraft:stone_axe":1,"minecraft:air":0,"minecraft:diamond_pickaxe":1,"minecraft:diamond_helmet":1,"minecraft:diamond_leggings":1,"minecraft:shield":1,"minecraft:stick":40,"minecraft:iron_ingot":11,"minecraft:iron_pickaxe":1,"minecraft:stone_pickaxe":1,"minecraft:wooden_axe":1,"minecraft:stone_sword":1,"minecraft:diamond_boots":1,"minecraft:dark_oak_planks":12,"minecraft:torch":84},"minecraft:mined":{"minecraft:dark_oak_leaves":2,"minecraft:deepslate_diamond_ore":25,"minecraft:stripped_birch_log":2,"minecraft:crafting_table":1,"minecraft:grass_block":3,"minecraft:cobblestone":1,"minecraft:sugar_cane":1,"minecraft:diorite":1,"minecraft:birch_log":10,"minecraft:iron_ore":32,"minecraft:deepslate_lapis_ore":3,"minecraft:grass":2,"minecraft:coal_ore":24,"minecraft:gravel":1,"minecraft:dirt":13,"minecraft:stone":44,"minecraft:deepslate":35},"minecraft:used":{"minecraft:stone_sword":3,"minecraft:birch_planks":5,"minecraft:stone_pickaxe":91,"minecraft:wooden_pickaxe":17,"minecraft:birch_boat":3,"minecraft:shield":8,"minecraft:iron_sword":35,"minecraft:white_wool":6,"minecraft:torch":71,"minecraft:dirt":9,"minecraft:crafting_table":5,"minecraft:cod":2,"minecraft:diamond_pickaxe":24,"minecraft:bread":21,"minecraft:iron_pickaxe":50,"minecraft:stone_axe":13,"minecraft:diamond_sword":3,"minecraft:cobblestone":29,"minecraft:furnace":1,"minecraft:cobbled_deepslate":20},"minecraft:killed_by":{"minecraft:skeleton":1,"minecraft:creeper":2,"minecraft:zombie":1},"minecraft:dropped":{"minecraft:stone_axe":1,"minecraft:iron_nugget":3,"minecraft:stone_sword":1,"minecraft:cobbled_deepslate":8,"minecraft:iron_helmet":1,"minecraft:rotten_flesh":4,"minecraft:stick":1,"minecraft:dirt":22,"minecraft:diorite":2,"minecraft:wooden_hoe":1,"minecraft:wooden_axe":2,"minecraft:oak_sapling":2,"minecraft:wooden_sword":1,"minecraft:wooden_pickaxe":2,"minecraft:stone_pickaxe":2,"minecraft:iron_pickaxe":1,"minecraft:dark_oak_planks":1,"minecraft:dark_oak_boat":1}},"DataVersion":3465}