{"stats":{"minecraft:picked_up":{"minecraft:wooden_axe":3,"minecraft:crafting_table":1,"minecraft:iron_chestplate":1,"minecraft:chicken":4,"minecraft:nether_brick_fence":2,"minecraft:wooden_pickaxe":4,"minecraft:shield":1,"minecraft:string":12,"minecraft:wooden_sword":2,"minecraft:blackstone":11,"minecraft:gold_nugget":15,"minecraft:cobbled_deepslate":47,"minecraft:beef":12,"minecraft:iron_nugget":3,"minecraft:iron_pickaxe":2,"minecraft:sugar_cane":29,"minecraft:furnace":1,"minecraft:stick":6,"minecraft:raw_iron":57,"minecraft:torch":84,"minecraft:porkchop":10,"minecraft:diorite":3,"minecraft:dark_oak_planks":1,"minecraft:stone_sword":3,"minecraft:arrow":17,"minecraft:rotten_flesh":14,"minecraft:nether_bricks":53,"minecraft:gold_ingot":3,"minecraft:blaze_rod":1,"minecraft:glow_berries":4,"minecraft:mutton":9,"minecraft:cod":10,"minecraft:white_wool":9,"minecraft:cobblestone":77,"minecraft:birch_log":10,"minecraft:feather":8,"minecraft:basalt":113,"minecraft:glow_ink_sac":1,"minecraft:leather":17,"minecraft:dark_oak_boat":2,"minecraft:birch_planks":18,"minecraft:flint":1,"minecraft:gunpowder":5,"minecraft:dirt":74,"minecraft:wooden_hoe":1,"minecraft:lapis_lazuli":40,"minecraft:stripped_birch_log":2,"minecraft:coast_armor_trim_smithing_template":2,"minecraft:bone":50,"minecraft:raw_gold":21,"minecraft:iron_ingot":1,"minecraft:stone_pickaxe":4,"minecraft:glowstone_dust":4,"minecraft:iron_sword":1,"minecraft:birch_boat":4,"minecraft:gravel":12,"minecraft:dark_oak_log":66,"minecraft:diamond":40,"minecraft:stone_axe":3,"minecraft:iron_helmet":1,"minecraft:bone_meal":5,"minecraft:emerald":9,"minecraft:bread":61,"minecraft:oak_sapling":2,"minecraft:netherrack":50,"minecraft:coal":29},"minecraft:custom":{"minecraft:mob_kills":34,"minecraft:interact_with_crafting_table":32,"minecraft:leave_game":5,"minecraft:time_since_death":54500,"minecraft:sprint_one_cm":278590,"minecraft:walk_one_cm":218769,"minecraft:damage_blocked_by_shield":1990,"minecraft:drop":83,"minecraft:talked_to_villager":1,"minecraft:play_time":90296,"minecraft:deaths":5,"minecraft:sneak_time":3023,"minecraft:walk_under_water_one_cm":4057,"minecraft:boat_one_cm":289508,"minecraft:jump":1732,"minecraft:walk_on_water_one_cm":12978,"minecraft:total_world_time":90296,"minecraft:interact_with_furnace":11,"minecraft:time_since_rest":54525,"minecraft:damage_taken":3060,"minecraft:damage_absorbed":40,"minecraft:damage_dealt":5149,"minecraft:swim_one_cm":8846,"minecraft:fly_one_cm":374894,"minecraft:player_kills":2,"minecraft:open_chest":7,"minecraft:crouch_one_cm":11210,"minecraft:fall_one_cm":50820},"minecraft:killed":{"minecraft:spider":4,"minecraft:skeleton":1,"minecraft:chicken":1,"minecraft:magma_cube":11,"minecraft:sheep":5,"minecraft:zombie":5,"minecraft:wither_skeleton":4,"minecraft:blaze":3},"minecraft:crafted":{"minecraft:wooden_sword":1,"minecraft:dark_oak_boat":1,"minecraft:birch_boat":1,"minecraft:furnace":1,"minecraft:cooked_mutton":6,"minecraft:flint_and_steel":1,"minecraft:diamond_helmet":1,"minecraft:diamond_leggings":1,"minecraft:stone_pickaxe":1,"minecraft:diamond_boots":1,"minecraft:dark_oak_planks":92,"minecraft:cooked_beef":2,"minecraft:diamond_sword":1,"minecraft:diamond_axe":1,"minecraft:crafting_table":4,"minecraft:wooden_pickaxe":1,"minecraft:iron_helmet":1,"minecraft:iron_sword":1,"minecraft:birch_planks":48,"minecraft:stone_axe":1,"minecraft:air":0,"minecraft:diamond_pickaxe":1,"minecraft:shield":1,"minecraft:stick":40,"minecraft:iron_ingot":11,"minecraft:iron_pickaxe":1,"minecraft:wooden_axe":1,"minecraft:stone_sword":1,"minecraft:torch":84},"minecraft:mined":{"minecraft:dark_oak_leaves":2,"minecraft:deepslate_diamond_ore":30,"minecraft:stripped_birch_log":2,"minecraft:nether_bricks":56,"minecraft:grass_block":3,"minecraft:glowstone":1,"minecraft:fire":2,"minecraft:iron_ore":32,"minecraft:deepslate_lapis_ore":3,"minecraft:nether_brick_fence":3,"minecraft:stone":44,"minecraft:blackstone":13,"minecraft:basalt":119,"minecraft:crafting_table":1,"minecraft:nether_quartz_ore":3,"minecraft:cobblestone":1,"minecraft:sugar_cane":1,"minecraft:diorite":1,"minecraft:birch_log":10,"minecraft:grass":2,"minecraft:coal_ore":24,"minecraft:gravel":15,"minecraft:dirt":13,"minecraft:netherrack":20,"minecraft:oak_leaves":5,"minecraft:deepslate":43},"minecraft:used":{"minecraft:nether_brick_fence":1,"minecraft:stone_sword":3,"minecraft:shield":30,"minecraft:iron_sword":35,"minecraft:netherrack":3,"minecraft:torch":71,"minecraft:dirt":9,"minecraft:dark_oak_planks":75,"minecraft:basalt":94,"minecraft:dark_oak_boat":2,"minecraft:furnace":2,"minecraft:potato":9,"minecraft:cobbled_deepslate":20,"minecraft:cooked_mutton":2,"minecraft:birch_planks":5,"minecraft:stone_pickaxe":91,"minecraft:birch_boat":3,"minecraft:wooden_pickaxe":17,"minecraft:white_wool":6,"minecraft:glow_berries":4,"minecraft:golden_apple":1,"minecraft:crafting_table":5,"minecraft:cod":2,"minecraft:diamond_pickaxe":251,"minecraft:bread":38,"minecraft:iron_pickaxe":50,"minecraft:stone_axe":13,"minecraft:diamond_sword":128,"minecraft:cobblestone":29},"minecraft:killed_by":{"minecraft:creeper":2,"minecraft:skeleton":1,"minecraft:zombie":1},"minecraft:dropped":{"minecraft:bread":9,"minecraft:diamond":14,"minecraft:iron_helmet":1,"minecraft:stick":3,"minecraft:dirt":22,"minecraft:dark_oak_log":43,"minecraft:diorite":2,"minecraft:wooden_hoe":1,"minecraft:wooden_axe":2,"minecraft:gold_nugget":8,"minecraft:wooden_sword":1,"minecraft:iron_pickaxe":1,"minecraft:dark_oak_planks":1,"minecraft:dark_oak_boat":1,"minecraft:gravel":11,"minecraft:stone_axe":1,"minecraft:iron_nugget":3,"minecraft:stone_sword":1,"minecraft:cobbled_deepslate":25,"minecraft:raw_iron":22,"minecraft:rotten_flesh":4,"minecraft:nether_bricks":1,"minecraft:oak_sapling":2,"minecraft:wooden_pickaxe":2,"minecraft:stone_pickaxe":2,"minecraft:netherrack":30}},"DataVersion":3465}