{"stats":{"minecraft:picked_up":{"minecraft:wooden_axe":1,"minecraft:birch_log":10,"minecraft:stick":4,"minecraft:crafting_table":1,"minecraft:feather":6,"minecraft:chicken":3,"minecraft:birch_boat":2,"minecraft:glow_ink_sac":1,"minecraft:leather":2,"minecraft:wooden_pickaxe":2,"minecraft:birch_planks":10,"minecraft:porkchop":1,"minecraft:gunpowder":5,"minecraft:stripped_birch_log":2,"minecraft:dirt":45,"minecraft:dark_oak_log":2,"minecraft:string":4,"minecraft:wooden_sword":1,"minecraft:stone_sword":2,"minecraft:arrow":10,"minecraft:bone":14,"minecraft:rotten_flesh":9,"minecraft:stone_axe":2,"minecraft:beef":9,"minecraft:stone_pickaxe":2,"minecraft:bone_meal":4,"minecraft:bread":32,"minecraft:mutton":3,"minecraft:cod":10,"minecraft:cobblestone":56},"minecraft:custom":{"minecraft:time_since_rest":7662,"minecraft:sprint_one_cm":54545,"minecraft:damage_taken":1416,"minecraft:walk_one_cm":38919,"minecraft:mob_kills":1,"minecraft:damage_dealt":600,"minecraft:interact_with_crafting_table":11,"minecraft:swim_one_cm":8846,"minecraft:fly_one_cm":83312,"minecraft:player_kills":1,"minecraft:crouch_one_cm":1193,"minecraft:play_time":18464,"minecraft:deaths":4,"minecraft:sneak_time":436,"minecraft:walk_under_water_one_cm":2065,"minecraft:boat_one_cm":118591,"minecraft:jump":394,"minecraft:leave_game":3,"minecraft:walk_on_water_one_cm":2818,"minecraft:time_since_death":7637,"minecraft:total_world_time":18464,"minecraft:fall_one_cm":16530},"minecraft:killed":{"minecraft:chicken":1},"minecraft:crafted":{"minecraft:wooden_sword":1,"minecraft:crafting_table":2,"minecraft:stick":12,"minecraft:birch_boat":1,"minecraft:wooden_pickaxe":1,"minecraft:stone_pickaxe":1,"minecraft:wooden_axe":1,"minecraft:stone_sword":1,"minecraft:dark_oak_planks":8,"minecraft:birch_planks":40,"minecraft:stone_axe":1},"minecraft:mined":{"minecraft:dark_oak_leaves":2,"minecraft:birch_log":10,"minecraft:stripped_birch_log":2,"minecraft:crafting_table":1,"minecraft:grass":2,"minecraft:grass_block":3,"minecraft:dirt":13,"minecraft:stone":24},"minecraft:used":{"minecraft:stone_sword":3,"minecraft:birch_planks":5,"minecraft:bread":10,"minecraft:stone_pickaxe":23,"minecraft:birch_boat":3,"minecraft:wooden_pickaxe":17,"minecraft:stone_axe":12,"minecraft:crafting_table":2,"minecraft:cod":2},"minecraft:killed_by":{"minecraft:creeper":2,"minecraft:zombie":1}},"DataVersion":3465}