{"stats":{"minecraft:picked_up":{"minecraft:birch_log":13,"minecraft:stick":9,"minecraft:crafting_table":2,"minecraft:leather_chestplate":1,"minecraft:music_disc_13":1,"minecraft:wooden_pickaxe":1,"minecraft:pink_wool":1,"minecraft:birch_planks":4,"minecraft:fire_charge":1,"minecraft:flint":5,"minecraft:oak_log":5,"minecraft:leather_helmet":1,"minecraft:dirt":21,"minecraft:spider_eye":3,"minecraft:string":1,"minecraft:wooden_sword":1,"minecraft:flint_and_steel":2,"minecraft:rotten_flesh":2,"minecraft:beef":4,"minecraft:golden_horse_armor":1,"minecraft:iron_nugget":17,"minecraft:oak_sapling":2,"minecraft:mutton":4,"minecraft:coal":2,"minecraft:iron_boots":1,"minecraft:white_wool":1,"minecraft:cobblestone":38},"minecraft:mined":{"minecraft:birch_log":13,"minecraft:fire":2,"minecraft:birch_leaves":6,"minecraft:crafting_table":2,"minecraft:coal_ore":2,"minecraft:grass":3,"minecraft:grass_block":10,"minecraft:oak_log":5,"minecraft:dirt":11,"minecraft:cobblestone":3,"minecraft:stone":35,"minecraft:oak_leaves":5,"minecraft:spawner":1},"minecraft:killed_by":{"minecraft:skeleton":1,"minecraft:creeper":1},"minecraft:killed":{"minecraft:sheep":1,"minecraft:spider":4,"minecraft:cow":2},"minecraft:custom":{"minecraft:time_since_rest":2763,"minecraft:sprint_one_cm":33068,"minecraft:damage_taken":1157,"minecraft:walk_one_cm":224611,"minecraft:mob_kills":7,"minecraft:damage_dealt":994,"minecraft:swim_one_cm":3136,"minecraft:interact_with_crafting_table":11,"minecraft:fly_one_cm":337406,"minecraft:open_chest":10,"minecraft:crouch_one_cm":13549,"minecraft:play_time":34918,"minecraft:deaths":3,"minecraft:sneak_time":1444,"minecraft:walk_under_water_one_cm":4398,"minecraft:jump":476,"minecraft:leave_game":1,"minecraft:walk_on_water_one_cm":1593,"minecraft:time_since_death":2734,"minecraft:sleep_in_bed":1,"minecraft:total_world_time":34918,"minecraft:fall_one_cm":11480},"minecraft:used":{"minecraft:stone_sword":38,"minecraft:birch_planks":9,"minecraft:bread":2,"minecraft:stone_pickaxe":17,"minecraft:wooden_pickaxe":40,"minecraft:rotten_flesh":6,"minecraft:stone_axe":7,"minecraft:dirt":4,"minecraft:cobblestone":12,"minecraft:crafting_table":2},"minecraft:crafted":{"minecraft:wooden_sword":1,"minecraft:crafting_table":2,"minecraft:stick":20,"minecraft:wooden_pickaxe":2,"minecraft:stone_pickaxe":2,"minecraft:stone_sword":2,"minecraft:birch_planks":52,"minecraft:stone_axe":2}},"DataVersion":3465}