{"stats":{"minecraft:picked_up":{"minecraft:wooden_axe":2,"minecraft:birch_log":10,"minecraft:crafting_table":1,"minecraft:feather":8,"minecraft:chicken":4,"minecraft:glow_ink_sac":1,"minecraft:leather":2,"minecraft:wooden_pickaxe":3,"minecraft:birch_planks":18,"minecraft:shield":1,"minecraft:gunpowder":5,"minecraft:stripped_birch_log":2,"minecraft:dirt":56,"minecraft:lapis_lazuli":34,"minecraft:string":8,"minecraft:wooden_sword":2,"minecraft:bone":17,"minecraft:cobbled_deepslate":4,"minecraft:stone_pickaxe":3,"minecraft:beef":12,"minecraft:iron_pickaxe":1,"minecraft:sugar_cane":14,"minecraft:iron_sword":1,"minecraft:stick":4,"minecraft:raw_iron":35,"minecraft:birch_boat":4,"minecraft:torch":10,"minecraft:porkchop":1,"minecraft:diorite":2,"minecraft:dark_oak_log":2,"minecraft:stone_sword":3,"minecraft:arrow":15,"minecraft:rotten_flesh":12,"minecraft:diamond":5,"minecraft:stone_axe":3,"minecraft:iron_helmet":1,"minecraft:bone_meal":5,"minecraft:bread":50,"minecraft:mutton":3,"minecraft:cod":10,"minecraft:coal":26,"minecraft:cobblestone":77},"minecraft:custom":{"minecraft:interact_with_furnace":7,"minecraft:mob_kills":6,"minecraft:interact_with_crafting_table":21,"minecraft:leave_game":4,"minecraft:time_since_death":6581,"minecraft:time_since_rest":6606,"minecraft:sprint_one_cm":119937,"minecraft:damage_taken":2014,"minecraft:walk_one_cm":98635,"minecraft:damage_blocked_by_shield":675,"minecraft:damage_dealt":1538,"minecraft:swim_one_cm":8846,"minecraft:fly_one_cm":186946,"minecraft:player_kills":1,"minecraft:crouch_one_cm":3027,"minecraft:play_time":42377,"minecraft:deaths":5,"minecraft:sneak_time":1150,"minecraft:walk_under_water_one_cm":3481,"minecraft:boat_one_cm":167412,"minecraft:jump":840,"minecraft:walk_on_water_one_cm":9608,"minecraft:total_world_time":42377,"minecraft:fall_one_cm":25291},"minecraft:killed":{"minecraft:spider":1,"minecraft:skeleton":1,"minecraft:zombie":3,"minecraft:chicken":1},"minecraft:crafted":{"minecraft:wooden_sword":1,"minecraft:crafting_table":2,"minecraft:birch_boat":1,"minecraft:wooden_pickaxe":1,"minecraft:iron_helmet":1,"minecraft:iron_sword":1,"minecraft:furnace":1,"minecraft:birch_planks":48,"minecraft:stone_axe":1,"minecraft:air":0,"minecraft:shield":1,"minecraft:stick":40,"minecraft:iron_ingot":11,"minecraft:iron_pickaxe":1,"minecraft:stone_pickaxe":1,"minecraft:wooden_axe":1,"minecraft:stone_sword":1,"minecraft:dark_oak_planks":8,"minecraft:torch":84},"minecraft:mined":{"minecraft:dark_oak_leaves":2,"minecraft:deepslate_diamond_ore":2,"minecraft:stripped_birch_log":2,"minecraft:crafting_table":1,"minecraft:grass_block":3,"minecraft:cobblestone":1,"minecraft:sugar_cane":1,"minecraft:diorite":1,"minecraft:birch_log":10,"minecraft:iron_ore":32,"minecraft:deepslate_lapis_ore":3,"minecraft:grass":2,"minecraft:coal_ore":24,"minecraft:dirt":13,"minecraft:stone":44,"minecraft:deepslate":2},"minecraft:used":{"minecraft:stone_sword":3,"minecraft:birch_planks":5,"minecraft:stone_pickaxe":91,"minecraft:wooden_pickaxe":17,"minecraft:birch_boat":3,"minecraft:shield":7,"minecraft:iron_sword":35,"minecraft:torch":71,"minecraft:dirt":2,"minecraft:crafting_table":3,"minecraft:cod":2,"minecraft:bread":17,"minecraft:iron_pickaxe":17,"minecraft:stone_axe":13,"minecraft:cobblestone":29,"minecraft:furnace":1,"minecraft:cobbled_deepslate":2},"minecraft:killed_by":{"minecraft:skeleton":1,"minecraft:creeper":2,"minecraft:zombie":1}},"DataVersion":3465}