{"stats":{"minecraft:picked_up":{"minecraft:wooden_axe":1,"minecraft:birch_log":10,"minecraft:crafting_table":1,"minecraft:feather":6,"minecraft:chicken":3,"minecraft:glow_ink_sac":1,"minecraft:leather":2,"minecraft:wooden_pickaxe":2,"minecraft:birch_planks":10,"minecraft:gunpowder":5,"minecraft:string":4,"minecraft:dirt":45,"minecraft:stripped_birch_log":2,"minecraft:wooden_sword":1,"minecraft:bone":14,"minecraft:beef":9,"minecraft:stone_pickaxe":2,"minecraft:sugar_cane":7,"minecraft:stick":4,"minecraft:raw_iron":35,"minecraft:birch_boat":3,"minecraft:porkchop":1,"minecraft:diorite":1,"minecraft:dark_oak_log":2,"minecraft:stone_sword":2,"minecraft:arrow":10,"minecraft:rotten_flesh":9,"minecraft:stone_axe":2,"minecraft:bone_meal":4,"minecraft:bread":32,"minecraft:mutton":3,"minecraft:cod":10,"minecraft:coal":17,"minecraft:cobblestone":74},"minecraft:custom":{"minecraft:interact_with_furnace":5,"minecraft:mob_kills":1,"minecraft:interact_with_crafting_table":20,"minecraft:leave_game":3,"minecraft:time_since_death":19637,"minecraft:time_since_rest":19662,"minecraft:sprint_one_cm":85590,"minecraft:damage_taken":1426,"minecraft:walk_one_cm":72717,"minecraft:damage_dealt":600,"minecraft:swim_one_cm":8846,"minecraft:fly_one_cm":150926,"minecraft:player_kills":1,"minecraft:crouch_one_cm":2906,"minecraft:play_time":30464,"minecraft:deaths":4,"minecraft:sneak_time":1121,"minecraft:walk_under_water_one_cm":2065,"minecraft:boat_one_cm":167412,"minecraft:jump":642,"minecraft:walk_on_water_one_cm":5024,"minecraft:total_world_time":30464,"minecraft:fall_one_cm":19280},"minecraft:killed":{"minecraft:chicken":1},"minecraft:crafted":{"minecraft:wooden_sword":1,"minecraft:crafting_table":2,"minecraft:wooden_pickaxe":1,"minecraft:birch_boat":1,"minecraft:iron_sword":1,"minecraft:furnace":1,"minecraft:birch_planks":48,"minecraft:stone_axe":1,"minecraft:air":0,"minecraft:shield":1,"minecraft:stick":32,"minecraft:iron_ingot":8,"minecraft:iron_pickaxe":1,"minecraft:stone_pickaxe":1,"minecraft:wooden_axe":1,"minecraft:stone_sword":1,"minecraft:dark_oak_planks":8,"minecraft:torch":56},"minecraft:mined":{"minecraft:dark_oak_leaves":2,"minecraft:stripped_birch_log":2,"minecraft:crafting_table":1,"minecraft:grass_block":3,"minecraft:sugar_cane":1,"minecraft:diorite":1,"minecraft:birch_log":10,"minecraft:iron_ore":32,"minecraft:grass":2,"minecraft:coal_ore":17,"minecraft:dirt":13,"minecraft:stone":42},"minecraft:used":{"minecraft:stone_sword":3,"minecraft:birch_planks":5,"minecraft:stone_pickaxe":91,"minecraft:wooden_pickaxe":17,"minecraft:birch_boat":3,"minecraft:torch":39,"minecraft:crafting_table":3,"minecraft:cod":2,"minecraft:bread":12,"minecraft:stone_axe":13,"minecraft:cobblestone":23,"minecraft:furnace":1},"minecraft:killed_by":{"minecraft:creeper":2,"minecraft:zombie":1}},"DataVersion":3465}