{"stats":{"minecraft:picked_up":{"minecraft:birch_log":6,"minecraft:crafting_table":1,"minecraft:oak_log":5,"minecraft:dirt":14,"minecraft:spider_eye":3,"minecraft:string":1,"minecraft:beef":4,"minecraft:oak_sapling":2,"minecraft:mutton":2,"minecraft:white_wool":1,"minecraft:cobblestone":23},"minecraft:mined":{"minecraft:birch_log":6,"minecraft:birch_leaves":4,"minecraft:crafting_table":1,"minecraft:grass":2,"minecraft:grass_block":5,"minecraft:oak_log":5,"minecraft:dirt":9,"minecraft:cobblestone":3,"minecraft:stone":20,"minecraft:oak_leaves":5,"minecraft:spawner":1},"minecraft:killed_by":{"minecraft:creeper":1},"minecraft:killed":{"minecraft:sheep":1,"minecraft:spider":4,"minecraft:cow":2},"minecraft:custom":{"minecraft:time_since_rest":1211,"minecraft:sprint_one_cm":5452,"minecraft:damage_taken":525,"minecraft:walk_one_cm":79858,"minecraft:mob_kills":7,"minecraft:damage_dealt":994,"minecraft:interact_with_crafting_table":5,"minecraft:fly_one_cm":215555,"minecraft:open_chest":4,"minecraft:crouch_one_cm":1247,"minecraft:play_time":22918,"minecraft:deaths":1,"minecraft:sneak_time":967,"minecraft:walk_under_water_one_cm":453,"minecraft:jump":259,"minecraft:leave_game":1,"minecraft:walk_on_water_one_cm":1055,"minecraft:time_since_death":1160,"minecraft:total_world_time":22918,"minecraft:fall_one_cm":3988},"minecraft:used":{"minecraft:stone_sword":38,"minecraft:bread":2,"minecraft:stone_pickaxe":17,"minecraft:wooden_pickaxe":15,"minecraft:rotten_flesh":6,"minecraft:stone_axe":6,"minecraft:dirt":4,"minecraft:cobblestone":12,"minecraft:crafting_table":1},"minecraft:crafted":{"minecraft:crafting_table":1,"minecraft:stick":8,"minecraft:wooden_pickaxe":1,"minecraft:stone_pickaxe":1,"minecraft:stone_sword":1,"minecraft:birch_planks":24,"minecraft:stone_axe":1}},"DataVersion":3465}