{"stats":{"minecraft:dropped":{"minecraft:birch_planks":1,"minecraft:golden_axe":1,"minecraft:cobblestone":101,"minecraft:iron_horse_armor":1,"minecraft:dirt":4,"minecraft:diorite":9,"minecraft:iron_nugget":2,"minecraft:stone_sword":2,"minecraft:cobbled_deepslate":160,"minecraft:pumpkin_seeds":6,"minecraft:andesite":7,"minecraft:oak_sapling":2,"minecraft:stone_pickaxe":1},"minecraft:picked_up":{"minecraft:crafting_table":14,"minecraft:chicken":8,"minecraft:clay_ball":8,"minecraft:wooden_pickaxe":4,"minecraft:pink_wool":1,"minecraft:enchanted_book":1,"minecraft:diamond_horse_armor":1,"minecraft:golden_sword":1,"minecraft:shield":1,"minecraft:string":23,"minecraft:raw_copper":5,"minecraft:wooden_sword":3,"minecraft:flint_and_steel":6,"minecraft:diamond_leggings":1,"minecraft:cobbled_deepslate":232,"minecraft:music_disc_otherside":1,"minecraft:light_weighted_pressure_plate":1,"minecraft:beef":6,"minecraft:oak_boat":1,"minecraft:azalea":1,"minecraft:iron_nugget":19,"minecraft:poppy":4,"minecraft:iron_pickaxe":2,"minecraft:chest":1,"minecraft:furnace":2,"minecraft:iron_boots":3,"minecraft:stick":73,"minecraft:raw_iron":43,"minecraft:torch":2,"minecraft:fire_charge":3,"minecraft:porkchop":19,"minecraft:golden_axe":2,"minecraft:diorite":13,"minecraft:iron_horse_armor":2,"minecraft:stone_sword":5,"minecraft:rotten_flesh":23,"minecraft:beetroot_seeds":8,"minecraft:saddle":1,"minecraft:mutton":12,"minecraft:white_wool":7,"minecraft:cobblestone":534,"minecraft:birch_log":22,"minecraft:leather_chestplate":3,"minecraft:feather":4,"minecraft:andesite":20,"minecraft:leather":4,"minecraft:birch_planks":13,"minecraft:flint":17,"minecraft:tuff":22,"minecraft:oak_log":27,"minecraft:yellow_bed":2,"minecraft:gunpowder":8,"minecraft:dirt":74,"minecraft:name_tag":3,"minecraft:stone_pickaxe":4,"minecraft:iron_ingot":5,"minecraft:oak_planks":16,"minecraft:iron_sword":1,"minecraft:sculk_catalyst":1,"minecraft:music_disc_13":2,"minecraft:spider_eye":7,"minecraft:leather_helmet":3,"minecraft:pumpkin_seeds":6,"minecraft:diamond":49,"minecraft:stone_axe":3,"minecraft:golden_horse_armor":3,"minecraft:bread":16,"minecraft:oak_sapling":4,"minecraft:coal":60},"minecraft:mined":{"minecraft:diamond_ore":1,"minecraft:tuff":30,"minecraft:deepslate_diamond_ore":48,"minecraft:granite":4,"minecraft:grass_block":25,"minecraft:spawner":3,"minecraft:furnace":1,"minecraft:iron_ore":37,"minecraft:fire":4,"minecraft:andesite":13,"minecraft:cave_vines":3,"minecraft:deepslate_iron_ore":1,"minecraft:azalea":1,"minecraft:stone":340,"minecraft:crafting_table":10,"minecraft:clay":2,"minecraft:chest":1,"minecraft:copper_ore":2,"minecraft:cobblestone":24,"minecraft:diorite":13,"minecraft:wall_torch":1,"minecraft:birch_log":22,"minecraft:birch_leaves":8,"minecraft:yellow_bed":3,"minecraft:grass":4,"minecraft:oak_log":26,"minecraft:coal_ore":46,"minecraft:gravel":2,"minecraft:dirt":34,"minecraft:oak_leaves":6,"minecraft:deepslate":228},"minecraft:killed_by":{"minecraft:creeper":1,"minecraft:iron_golem":1,"minecraft:skeleton":1,"minecraft:zombie":1},"minecraft:killed":{"minecraft:spider":9,"minecraft:chicken":4,"minecraft:pig":4,"minecraft:iron_golem":1,"minecraft:sheep":4,"minecraft:zombie":12,"minecraft:cow":3},"minecraft:custom":{"minecraft:mob_kills":38,"minecraft:interact_with_crafting_table":40,"minecraft:leave_game":4,"minecraft:time_since_death":83976,"minecraft:sprint_one_cm":199311,"minecraft:walk_one_cm":375554,"minecraft:damage_blocked_by_shield":240,"minecraft:drop":27,"minecraft:play_time":151092,"minecraft:deaths":8,"minecraft:sneak_time":5958,"minecraft:walk_under_water_one_cm":5910,"minecraft:boat_one_cm":46274,"minecraft:jump":1687,"minecraft:walk_on_water_one_cm":3781,"minecraft:total_world_time":151092,"minecraft:interact_with_furnace":8,"minecraft:sleep_in_bed":5,"minecraft:time_since_rest":18063,"minecraft:damage_taken":3463,"minecraft:damage_dealt":6371,"minecraft:swim_one_cm":19052,"minecraft:fly_one_cm":506174,"minecraft:open_chest":27,"minecraft:crouch_one_cm":22870,"minecraft:fall_one_cm":51995},"minecraft:used":{"minecraft:stone_sword":82,"minecraft:flint_and_steel":47,"minecraft:shield":4,"minecraft:iron_sword":52,"minecraft:cooked_chicken":4,"minecraft:rotten_flesh":6,"minecraft:dirt":25,"minecraft:golden_sword":1,"minecraft:furnace":2,"minecraft:cobbled_deepslate":59,"minecraft:birch_planks":9,"minecraft:stone_pickaxe":92,"minecraft:oak_planks":5,"minecraft:wooden_pickaxe":71,"minecraft:diamond_axe":14,"minecraft:glow_berries":10,"minecraft:crafting_table":11,"minecraft:diamond_pickaxe":366,"minecraft:bread":4,"minecraft:iron_pickaxe":322,"minecraft:stone_axe":20,"minecraft:cobblestone":227,"minecraft:cooked_porkchop":6,"minecraft:porkchop":1,"minecraft:andesite":5,"minecraft:yellow_bed":1,"minecraft:oak_boat":1},"minecraft:crafted":{"minecraft:wooden_sword":1,"minecraft:oak_planks":84,"minecraft:cooked_chicken":4,"minecraft:furnace":1,"minecraft:diamond_helmet":1,"minecraft:diamond_leggings":1,"minecraft:iron_boots":1,"minecraft:stone_pickaxe":4,"minecraft:diamond_boots":1,"minecraft:diamond_sword":1,"minecraft:cooked_porkchop":7,"minecraft:diamond_axe":1,"minecraft:crafting_table":5,"minecraft:wooden_pickaxe":4,"minecraft:iron_sword":1,"minecraft:birch_planks":88,"minecraft:stone_axe":3,"minecraft:air":0,"minecraft:oak_boat":1,"minecraft:diamond_pickaxe":1,"minecraft:shield":1,"minecraft:stick":72,"minecraft:iron_ingot":4,"minecraft:iron_pickaxe":2,"minecraft:wooden_axe":1,"minecraft:stone_sword":4,"minecraft:diamond_chestplate":1}},"DataVersion":3465}